Entity,Code,Year,Primary electricity (%),Natural Gas (%),Oil (%),Coal (%),Water & Wind (%),Fuelwood (%),Animal muscle (%),Human muscle (%)
Canada,CAN,1800,,,,1.135024303,,88.47977151,3.116863738,7.268340449
Canada,CAN,1801,,,,1.128566319,,88.48586164,3.116974139,7.268597898
Canada,CAN,1802,,,,1.144730154,,88.47219476,3.11622474,7.266850344
Canada,CAN,1803,,,,1.161067691,,88.45887036,3.115320423,7.264741531
Canada,CAN,1804,,,,1.177578648,,88.44589813,3.114258359,7.262264861
Canada,CAN,1805,,,,1.194262656,,88.43328791,3.113035712,7.259413722
Canada,CAN,1806,,,,1.21111925,,88.42104962,3.111649642,7.25618149
Canada,CAN,1807,,,,1.263547572,,88.42346974,3.09518823,7.217794457
Canada,CAN,1808,,,,1.31774595,,88.42771685,3.077647253,7.176889945
Canada,CAN,1809,,,,1.373727237,,88.43387023,3.058999061,7.133403472
Canada,CAN,1810,,,,1.431499677,,88.44200899,3.039217436,7.087273902
Canada,CAN,1811,,,,1.491066503,,88.45221165,3.018277838,7.038444008
Canada,CAN,1812,,,,1.552425535,,88.46455574,2.996157657,6.986861064
Canada,CAN,1813,,,,1.615568782,,88.4791173,2.972836471,6.932477449
Canada,CAN,1814,,,,1.680482053,,88.49597036,2.948296316,6.875251269
Canada,CAN,1815,,,,1.754517574,,88.51882442,2.919217292,6.807440719
Canada,CAN,1816,,,,1.830691016,,88.54449326,2.888651834,6.736163893
Canada,CAN,1817,,,,1.908957861,,88.57305389,2.856590192,6.661398054
Canada,CAN,1818,,,,1.989262551,,88.60457709,2.823027802,6.583132561
Canada,CAN,1819,,,,2.071538097,,88.63912646,2.787965674,6.501369769
Canada,CAN,1820,,,,2.155705768,,88.67675759,2.751410757,6.416125882
Canada,CAN,1821,,,,2.241674882,,88.71751714,2.713376266,6.327431716
Canada,CAN,1822,,,,2.329342697,,88.76144196,2.673881972,6.235333375
Canada,CAN,1823,,,,2.195991503,,88.67715428,2.739200929,6.38765329
Canada,CAN,1824,,,,2.067943304,,88.59277499,2.802955816,6.536325885
Canada,CAN,1825,,,,1.945244754,,88.50849017,2.865076787,6.681188287
Canada,CAN,1826,,,,1.933064912,,87.62867048,2.836399531,7.601865079
Canada,CAN,1827,,,,1.892036481,,85.45319399,2.765727748,9.889041781
Canada,CAN,1828,,,,2.036499491,,88.37159602,2.821675227,6.770229266
Canada,CAN,1829,,,,2.119142076,,88.42015484,2.783079373,6.677623716
Canada,CAN,1830,,,,2.199535057,0.179288506,88.31359113,2.73803632,6.569548984
Canada,CAN,1831,,,,2.357283931,0.164702765,89.35574684,2.781397184,5.340869277
Canada,CAN,1832,,,,2.400567389,0.165013141,87.99194104,2.777718178,6.664760254
Canada,CAN,1833,,,,2.476539305,0.167480978,87.80296409,2.810235191,6.742780441
Canada,CAN,1834,,,,2.554204476,0.170514735,87.61312381,2.842341581,6.819815396
Canada,CAN,1835,,,,2.632959782,0.197785532,87.40170078,2.873346467,6.89420744
Canada,CAN,1836,,,,2.714183106,0.19730409,87.21426781,2.904732059,6.969512935
Canada,CAN,1837,,,,2.797236141,0.195114357,87.02795952,2.935751082,7.0439389
Canada,CAN,1838,,,,2.881892349,0.200057546,86.83507169,2.966135707,7.116842709
Canada,CAN,1839,,,,2.968368203,0.205074679,86.64176854,2.996085465,7.188703117
Canada,CAN,1840,,,,3.056239869,0.224820931,86.43534695,3.025150795,7.258441457
Canada,CAN,1841,,,,3.14672567,0.220216248,86.2496611,3.05451061,7.328886374
Canada,CAN,1842,,,,3.239301865,0.210265997,86.06816652,3.083595051,7.39867057
Canada,CAN,1843,,,,3.333715879,0.203813551,85.88320578,3.112129546,7.467135242
Canada,CAN,1844,,,,3.430434881,0.187806755,85.70598742,3.140519011,7.535251935
Canada,CAN,1845,,,,3.528370252,0.194661767,85.5086621,3.16774025,7.600565628
Canada,CAN,1846,,,,3.627927913,0.212157718,85.30178418,3.194164099,7.663966091
Canada,CAN,1847,,,,3.729445905,0.231173567,85.09316811,3.220075475,7.726136944
Canada,CAN,1848,,,,3.831792934,0.281802515,84.85718567,3.244493701,7.784725185
Canada,CAN,1849,,,,3.614055191,0.207931258,84.83140536,3.337860928,8.008747259
Canada,CAN,1850,,,,3.39798125,0.187652479,84.77790816,3.423126826,8.213331284
Canada,CAN,1851,,,,3.187207706,0.168850914,84.73868497,3.502199914,8.403056497
Canada,CAN,1852,,,,3.343987979,0.194267785,85.55139024,3.55904801,7.351305985
Canada,CAN,1853,,,,3.474650187,0.186947523,85.54360781,3.581944065,7.21285042
Canada,CAN,1854,,,,3.609233901,0.200065027,85.51221403,3.603805239,7.074681798
Canada,CAN,1855,,,,3.749104349,0.198884143,85.4868435,3.625871305,6.939296703
Canada,CAN,1856,,,,3.893162091,0.21693863,85.43863487,3.646917304,6.804347106
Canada,CAN,1857,,,,4.043038711,0.215579608,85.40054917,3.668342707,6.672489808
Canada,CAN,1858,,,,4.198767588,0.199794256,85.36815566,3.689966396,6.543316099
Canada,CAN,1859,,,,4.3594225,0.196024837,85.31868271,3.710804795,6.415065157
Canada,CAN,1860,,,,4.525051462,0.205529065,85.25092764,3.730793772,6.287698061
Canada,CAN,1861,,,,4.542909121,0.200906867,82.39271711,3.627858521,9.235608386
Canada,CAN,1862,,,,4.766441171,0.205131088,82.27023288,3.639677818,9.118517046
Canada,CAN,1863,,,,4.998699447,0.24203952,82.11056572,3.649876263,8.998819049
Canada,CAN,1864,,,,5.24185584,0.273751023,81.94460066,3.659810518,8.879981963
Canada,CAN,1865,,,,5.497923856,0.272118509,81.7950209,3.670495199,8.764441532
Canada,CAN,1866,,,,5.765791073,0.268536519,81.63557498,3.680757898,8.649339529
Canada,CAN,1867,,,,6.041847246,0.33036369,81.41082176,3.68808145,8.52888585
Canada,CAN,1868,,,,6.341866679,0.264246866,81.27052934,3.698972515,8.424384601
Canada,CAN,1869,,,,6.643834962,0.261104377,81.0818557,3.708228032,8.304976926
Canada,CAN,1870,,,,7.014705779,0.279107831,81.69882929,3.751979263,8.251398679
Canada,CAN,1871,,,,7.263449149,0.292404537,81.5358687,3.726056276,8.255447856
Canada,CAN,1872,,,,7.572837568,0.308548041,81.13437492,3.72568094,8.316412198
Canada,CAN,1873,,,,7.840293116,0.323310193,80.92838105,3.704971836,8.319348004
Canada,CAN,1874,,,,8.311225747,0.348476623,79.92205338,3.768209866,8.521218423
Canada,CAN,1875,,,,8.671419664,0.356615015,79.48809603,3.761354852,8.590262811
Canada,CAN,1876,,,,9.183614499,0.37227645,78.51980672,3.806466697,8.790417815
Canada,CAN,1877,,,,9.543576988,0.378936276,78.20517872,3.779132418,8.826462514
Canada,CAN,1878,,,,10.15460379,0.386528478,77.01152364,3.84186698,9.074403985
Canada,CAN,1879,,,,10.63863329,0.381380741,76.33318256,3.853171344,9.185876298
Canada,CAN,1880,,,0.411841005,10.96036316,0.364605714,75.79176779,3.803789059,9.144065427
Canada,CAN,1881,,,0.447868078,11.57511251,0.357622505,75.06734765,3.794384722,9.200309697
Canada,CAN,1882,,,0.502380679,13.27694119,0.332318565,73.55635569,3.708455161,9.113535752
Canada,CAN,1883,,,0.578199518,14.63529277,0.326224716,72.10875966,3.666971963,9.124320272
Canada,CAN,1884,,,0.633026261,16.52298785,0.314616457,70.12012152,3.620981001,9.119931273
Canada,CAN,1885,,,0.692777193,15.90589734,0.311945667,70.25748398,3.679825669,9.397332324
Canada,CAN,1886,,,0.701209763,16.72696916,0.307018033,69.14015982,3.713274321,9.630800963
Canada,CAN,1887,,,0.692958112,19.26073651,0.27810194,66.69321783,3.660453817,9.636623374
Canada,CAN,1888,,,0.698975232,20.16482537,0.267084087,65.54908543,3.687423706,9.841994988
Canada,CAN,1889,,,0.708924095,20.83890322,0.255455349,64.530003,3.733780724,10.10705293
Canada,CAN,1890,,,0.708397013,22.69702707,0.248546426,62.5343556,3.723678936,10.22598081
Canada,CAN,1891,,,0.700668989,24.99468784,0.237970279,60.41871861,3.678467184,10.12589142
Canada,CAN,1892,,,0.71610359,25.11704712,0.230318203,59.97217669,3.751271422,10.36068188
Canada,CAN,1893,,,0.717858416,26.61217501,0.21581728,58.4597309,3.750320901,10.3978465
Canada,CAN,1894,,,0.743083502,25.92101772,0.210253793,58.62184335,3.871266734,10.77542337
Canada,CAN,1895,,,0.767054688,25.26276281,0.20355115,58.8100444,3.983830766,11.13563967
Canada,CAN,1896,,,0.768289895,27.09852122,0.192441535,56.94024169,3.978380989,11.16621743
Canada,CAN,1897,,,0.783619495,27.58935687,0.179713704,56.13463688,4.045333319,11.40192838
Canada,CAN,1898,,,0.786590557,29.03427697,0.168912322,54.64679559,4.051793532,11.4581347
Canada,CAN,1899,,,0.754147438,33.62832694,0.156609972,50.71943286,3.880966454,10.99799639
Canada,CAN,1900,0.158483624,,0.65136471,35.4347464,0.149317772,48.99543959,3.851576535,10.92658623
Canada,CAN,1901,0.172495987,,0.542879631,39.15814339,0.140964902,45.8791245,3.711234013,10.53368571
Canada,CAN,1902,0.191108403,,0.45639764,40.9694515,0.135740331,44.38435993,3.674857358,10.3367116
Canada,CAN,1903,0.210459167,,0.439156496,42.99606528,0.127717331,42.63274669,3.637081721,10.08258099
Canada,CAN,1904,0.222524858,,0.463459327,46.9979751,0.124368113,39.38483222,3.464745271,9.442427508
Canada,CAN,1905,0.246030438,,0.913327125,48.16267312,0,38.07750768,3.447628396,9.24688005
Canada,CAN,1906,0.274192655,,0.791167835,49.84336771,0,36.65132597,3.410322774,9.127744095
Canada,CAN,1907,0.274748583,,0.712197813,54.70205988,0,32.67623548,3.139587337,8.573714637
Canada,CAN,1908,0.310374787,,0.746308362,54.51201618,0,32.26671,3.202369967,9.033286703
Canada,CAN,1909,0.360744564,,0.809255808,53.45875856,0,32.61248067,3.338072399,9.496139553
Canada,CAN,1910,0.383837053,,1.050109928,55.90092648,0,30.14332002,3.189148138,9.401279503
Canada,CAN,1911,0.39679146,1.1556498,1.199998163,58.262902,0,27.17298415,2.970842277,8.906256915
Canada,CAN,1912,0.423026833,1.412485548,1.756104913,60.06069852,0,24.95887097,2.837293058,8.599634357
Canada,CAN,1913,0.432799426,1.692433692,2.076316985,62.98309736,0,22.16408494,2.619772066,8.067051318
Canada,CAN,1914,0.54230153,1.962843846,2.478609614,58.67888435,0,24.05968829,2.960998972,9.347438388
Canada,CAN,1915,0.663625849,1.946931911,2.912366833,55.82525859,0,25.07367036,3.206969188,10.4054147
Canada,CAN,1916,0.669951657,2.173312969,2.441839845,61.49437945,0,21.05299514,2.835892575,9.331628359
Canada,CAN,1917,0.725375111,2.212813004,1.705932758,64.47759383,0,19.22774247,2.702636188,8.947906638
Canada,CAN,1918,0.80406878,1.574814471,2.344149217,65.58950374,0,18.00767013,2.64619578,9.033597883
Canada,CAN,1919,1.022639738,1.732482449,3.457414558,60.96847602,0,19.48380273,2.99944951,10.335735
Canada,CAN,1920,1.079033241,1.349534725,3.599723036,64.09770507,0,17.61172656,2.846813818,9.415463552
Canada,CAN,1921,1.266362887,1.156483486,3.836173557,62.04966122,0,18.90175898,2.99839983,9.791160038
Canada,CAN,1922,1.689515685,1.320071472,5.185449051,57.06367483,0,20.85353093,3.330426338,10.55733169
Canada,CAN,1923,1.621552674,1.175210661,4.339684886,64.39793438,0,17.21653643,2.755379593,8.49370138
Canada,CAN,1924,2.164999634,1.23336927,5.185880514,59.04793385,0,19.53639264,3.14739136,9.684032735
Canada,CAN,1925,2.410577649,1.421733315,5.505538099,57.90000196,0,19.84115466,3.234571609,9.686422707
Canada,CAN,1926,2.674959834,1.49716409,5.477479885,59.73750341,0,18.58256327,3.040771177,8.989558338
Canada,CAN,1927,3.220814514,1.543486135,6.237827352,60.55185103,0,17.4442983,2.822122566,8.179600111
Canada,CAN,1928,3.722966078,1.628497338,7.584746493,58.53641043,0,17.65258553,2.791304802,8.083489321
Canada,CAN,1929,3.99358235,1.954781532,8.915222116,57.54226815,0,17.11148439,2.755841113,7.726820349
Canada,CAN,1930,4.019133005,2.038979892,10.61875208,54.91439687,0,18.07971011,2.721026323,7.608001724
Canada,CAN,1931,4.273525439,2.078175217,12.46943234,48.14867916,0,21.1507371,3.280219074,8.599231676
Canada,CAN,1932,4.780710268,2.056635604,11.86828606,49.2458561,0,19.03995159,3.705802894,9.302757486
Canada,CAN,1933,5.057331488,2.035864894,12.73561246,48.1923874,0,19.41512594,3.570952789,8.992725031
Canada,CAN,1934,5.555494625,1.844301563,13.1574361,50.51343353,0,17.72302963,3.220762704,7.985541844
Canada,CAN,1935,6.075195645,1.978654036,14.12255584,48.64888807,0,17.87626474,3.349224353,7.94921732
Canada,CAN,1936,6.332499983,2.148724468,12.24206854,51.20296924,0,17.32538323,3.18507514,7.563279402
Canada,CAN,1937,5.826169932,2.275511102,15.15838431,50.83500514,0,16.09479963,2.931379091,6.87875079
Canada,CAN,1938,6.411142692,2.466116878,15.9780111,47.66293572,0,17.03297765,3.424508917,7.024307049
Canada,CAN,1939,6.463491606,2.407775138,15.84582888,49.78629747,0,15.9539323,3.04010788,6.502566729
Canada,CAN,1940,6.453764286,2.647588417,16.953121,53.15306078,0,11.57724309,3.071117476,6.144104952
Canada,CAN,1941,6.409973202,2.516394872,16.96417984,52.83908906,0,12.83010896,2.890945977,5.549308093
Canada,CAN,1942,6.763176343,2.448768336,15.16145769,55.69238575,0,12.04912871,2.759107521,5.125975658
Canada,CAN,1943,6.92240073,2.270628046,15.86113998,55.38807343,0,12.13624864,2.699079251,4.722429924
Canada,CAN,1944,6.772601023,2.297285633,17.59508118,54.58173692,0,11.61383011,2.646712104,4.492753026
Canada,CAN,1945,7.003786134,2.612918409,18.09389247,52.54988663,0,12.46504205,2.881834766,4.392639553
Canada,CAN,1946,7.065949543,2.479671429,18.86089882,53.25584111,0,12.05039096,2.644177174,3.643070961
Canada,CAN,1947,7.327670493,2.642397389,19.59767708,52.78257997,0,11.93953672,2.509426525,3.200711831
Canada,CAN,1948,6.912530789,2.743515128,21.12189571,52.65754875,0,11.42674631,2.376259085,2.761504232
Canada,CAN,1949,7.817239364,3.010293772,24.02531489,47.35158625,0,12.49405204,2.642701481,2.658812205
Canada,CAN,1950,7.734263601,3.15431904,24.71874936,48.17835595,0,11.56817813,2.441960395,2.204173519
Canada,CAN,1951,8.1252355,3.488827744,28.3256939,44.78676297,0,11.06687125,2.390364665,1.816243973
Canada,CAN,1952,8.726552584,3.606292315,30.4900328,41.75550383,0,11.35145764,2.433600314,1.636560521
Canada,CAN,1953,9.112838403,4.002758691,33.53270746,38.03560573,0,11.39959261,2.477884874,1.438612228
Canada,CAN,1954,9.637573796,4.923996361,36.66053488,33.20558692,0,11.72476075,2.596486486,1.251060806
Canada,CAN,1955,10.12483463,5.991573831,41.4760485,32.19641864,0,6.548704507,2.561821652,1.100598239
Canada,CAN,1956,9.969513261,6.409847086,44.56392121,32.16849002,0,3.463678938,2.474733499,0.949815985
Canada,CAN,1957,10.49286143,8.676210736,45.48992013,28.5054249,0,3.403429622,2.546526265,0.885626918
Canada,CAN,1958,11.65379057,11.01028776,46.93607127,23.68347369,0,3.228858265,2.650155749,0.837362695
Canada,CAN,1959,11.67950981,12.27117402,49.12439432,20.81670564,0,2.866659529,2.534447038,0.707109645
Canada,CAN,1960,12.11994882,14.88089404,47.99591225,19.23528906,0,2.638894341,2.505722097,0.623339389
Canada,CAN,1961,12.32929925,13.5719997,50.55060774,17.81194159,0,2.636252655,2.52160971,0.578289366
Canada,CAN,1962,12.37019029,15.09174714,49.41924325,17.25802463,0,2.898788729,2.443498797,0.518507167
Canada,CAN,1963,12.23638666,15.84133583,50.0227935,16.93354641,0,2.088907601,2.414507999,0.462522001
Canada,CAN,1964,12.92718129,16.2283043,48.46919619,17.75928298,0,1.862797507,2.329636534,0.423601208
Canada,CAN,1965,13.02434995,17.75360116,47.0101388,17.92790011,0,1.621253267,2.291977163,0.370779557
Canada,CAN,1966,13.53894038,18.79690926,47.17074307,16.49573547,0,1.518931372,2.146015529,0.332724919
Canada,CAN,1967,13.68657528,19.36661115,47.26848667,15.7995369,0,1.403125031,2.164640782,0.31102419
Canada,CAN,1968,13.56484508,20.56378317,47.16238862,15.06309397,0,1.28077144,2.083896881,0.281220837
Canada,CAN,1969,13.89882345,21.919467,46.25763338,14.42950159,0,1.201258845,2.025196452,0.268119296
Canada,CAN,1970,13.66248005,22.67752971,45.403147,15.49747704,0,0.60512019,1.908066593,0.246179412
Canada,CAN,1971,13.71036655,22.58461973,47.34318102,13.73770891,0,0.526902741,1.864655447,0.232565608
Canada,CAN,1972,13.62312339,23.5995923,46.74045954,13.64795859,0,0.435511705,1.743653423,0.209701057
Canada,CAN,1973,13.80214852,24.24295041,48.65003374,11.05357959,0,0.419414839,1.639045995,0.1928269
Canada,CAN,1974,15.63373339,26.34928903,44.72702691,10.90192963,0,0.449397326,1.760528417,0.178095293
Canada,CAN,1975,13.98670133,24.31657944,47.15372436,12.34555107,0,0.433243696,1.59736819,0.166831913
Canada,CAN,1976,14.34679334,24.19314506,47.18784229,12.01107135,0,0.444541425,1.648544799,0.16806174
Canada,CAN,1977,13.7589235,22.76091014,50.11734963,11.28013348,0,0.388786732,1.536093381,0.157803129
Canada,CAN,1978,14.20771804,23.05670163,49.57826608,11.00978308,0,0.440604192,1.541149403,0.165777564
Canada,CAN,1979,13.69943765,21.80937758,50.19650525,12.24619256,0,0.442055595,1.44381119,0.162620178
Canada,CAN,1980,14.05218464,21.69568289,49.65834893,12.49225969,0,0.458591384,1.469612033,0.173320426
Canada,CAN,1981,16.0010018,22.12547757,46.28895928,13.33851381,0,0.555031018,1.505146693,0.185869827
Canada,CAN,1982,17.08659499,23.58714778,41.79229712,15.12011257,0,0.601053156,1.62205669,0.190737689
Canada,CAN,1983,16.14965753,30.98975052,36.42766352,14.10365547,0,0.608804679,1.54722213,0.173246144
Canada,CAN,1984,16.35353022,30.63948955,34.90679556,15.82452544,0,0.614690201,1.500934703,0.16003432
Canada,CAN,1985,18.22906956,27.69420739,35.44615124,16.17589203,0,0.65409576,1.634621874,0.165962153
Canada,CAN,1986,19.25516005,27.74321203,35.43328963,15.01550653,0,0.680526635,1.707249898,0.165055222
Canada,CAN,1987,19.16650328,26.68220814,36.0595413,15.68456302,0,0.625096662,1.61683529,0.165252305
Canada,CAN,1988,18.82005479,27.54984905,34.53836584,16.86768765,0,0.553089835,1.509871998,0.161080844
Canada,CAN,1989,18.74246775,29.21142579,34.67765959,15.20808481,0,0.531080986,1.465729246,0.163551832
Canada,CAN,1990,18.54273871,28.45388287,35.61752751,15.19145867,0,0.541271982,1.481417441,0.171702803
Canada,CAN,1991,19.27752689,29.12557953,34.10154983,15.10193313,0,0.677048545,1.532545774,0.183816297
Canada,CAN,1992,18.93473281,31.08377673,32.50063866,15.21170297,0,0.564608959,1.52354139,0.18099848
Canada,CAN,1993,18.46888307,32.31923381,33.09029675,13.87231502,0,0.546646748,1.527489705,0.175134894
Canada,CAN,1994,18.23844612,32.52443934,33.20338197,13.83686887,0,0.487276769,1.537826428,0.171760497
Canada,CAN,1995,18.41099077,33.71178485,31.9804016,13.76128095,0,0.427626855,1.536879603,0.171035375
Canada,CAN,1996,17.97546063,34.03364562,32.12145879,13.83854152,0,0.339386501,1.527547343,0.163959598
Canada,CAN,1997,17.68750376,32.88790438,33.11722395,14.3130012,0,0.276202782,1.557887589,0.160276337
Canada,CAN,1998,18.62630871,32.97287049,34.38005455,11.92439766,0,0.243127699,1.683777902,0.169462997
Canada,CAN,1999,18.2986353,31.25798837,33.47506343,14.97576675,0,0.194524144,1.635162529,0.162859478
Canada,CAN,2000,18.90939062,33.88045002,34.63936055,10.58882575,0,0.162295138,1.656468927,0.163209004
Canada,CAN,2001,16.22576408,33.35089392,33.14009097,15.43583069,0,0.151638655,1.543289171,0.152492516
Canada,CAN,2002,13.83529093,30.94915535,35.7414393,17.49084074,0,0.163178452,1.655997938,0.164097292
Canada,CAN,2003,16.71446097,32.33418332,34.67150134,14.44635621,0,0.15121543,1.530215835,0.152066907
Canada,CAN,2004,16.32815662,30.90210447,34.04282659,16.95281672,0,0.146665384,1.479938971,0.147491241
Canada,CAN,2005,17.07201452,30.88795785,34.47697659,15.755369,0,0.149798387,1.50724177,0.150641886
Canada,CAN,2006,17.52053548,31.6417774,33.55720682,15.38944555,0,0.157004023,1.57614263,0.157888096
Canada,CAN,2007,17.10305616,32.6021163,32.72029123,15.7633726,0,0.149286741,1.511749607,0.150127358
Canada,CAN,2008,17.88938646,32.91959325,32.6244444,14.694465,0,0.155838865,1.559555644,0.156716377
Canada,CAN,2009,17.30626,34.20904149,33.46299589,13.0163831,0,0.165443229,1.67350146,0.166374822
Canada,CAN,2010,18.03485638,34.72380948,35.05706887,10.12078511,0,0.170238764,1.722044033,0.17119736
England & Wales,,1800,0,0,0,77.5,2.5,4.3,7.2,8.6
England & Wales,,1801,0,0,0,78,2.6,4.1,7,8.3
England & Wales,,1802,0,0,0,78.3,2.6,3.9,6.9,8.2
England & Wales,,1803,0,0,0,78.7,2.7,3.8,6.7,8.1
England & Wales,,1804,0,0,0,79.2,2.7,3.6,6.6,7.9
England & Wales,,1805,0,0,0,79.6,2.7,3.4,6.4,7.9
England & Wales,,1806,0,0,0,80,2.6,3.3,6.3,7.8
England & Wales,,1807,0,0,0,80.5,2.6,3.1,6.1,7.6
England & Wales,,1808,0,0,0,80.9,2.6,3,6,7.6
England & Wales,,1809,0,0,0,81.3,2.5,2.9,5.9,7.4
England & Wales,,1810,0,0,0,81.7,2.5,2.7,5.7,7.3
England & Wales,,1811,0,0,0,82.1,2.5,2.6,5.6,7.2
England & Wales,,1812,0,0,0,82.3,2.5,2.5,5.6,7.1
England & Wales,,1813,0,0,0,82.6,2.5,2.4,5.4,7.1
England & Wales,,1814,0,0,0,82.8,2.5,2.3,5.4,7.1
England & Wales,,1815,0,0,0,82.9,2.5,2.2,5.4,7
England & Wales,,1816,0,0,0,83.1,2.5,2.1,5.3,7
England & Wales,,1817,0,0,0,83.5,2.4,2,5.3,6.9
England & Wales,,1818,0,0,0,83.7,2.4,1.9,5.2,6.9
England & Wales,,1819,0,0,0,84,2.3,1.8,5.1,6.8
England & Wales,,1820,0,0,0,84.2,2.3,1.7,5.1,6.7
England & Wales,,1821,0,0,0,84.5,2.2,1.6,5,6.7
England & Wales,,1822,0,0,0,84.7,2.1,1.5,5,6.7
England & Wales,,1823,0,0,0,85,2.1,1.4,4.9,6.6
England & Wales,,1824,0,0,0,85.1,2.1,1.4,4.9,6.6
England & Wales,,1825,0,0,0,85.3,2,1.3,4.9,6.5
England & Wales,,1826,0,0,0,85.5,2,1.2,4.8,6.5
England & Wales,,1827,0,0,0,85.8,1.8,1.1,4.8,6.4
England & Wales,,1828,0,0,0,86,1.8,1.1,4.8,6.4
England & Wales,,1829,0,0,0,86.4,1.7,1,4.6,6.2
England & Wales,,1830,0,0,0,86.6,1.7,0.9,4.6,6.2
England & Wales,,1831,0,0,0,86.7,1.7,0.9,4.6,6.1
England & Wales,,1832,0,0,0,86.8,1.7,0.8,4.6,6.1
England & Wales,,1833,0,0,0,87.2,1.7,0.7,4.5,6
England & Wales,,1834,0,0,0,87.5,1.6,0.7,4.4,5.8
England & Wales,,1835,0,0,0,87.8,1.6,0.6,4.3,5.7
England & Wales,,1836,0,0,0,88,1.6,0.6,4.2,5.6
England & Wales,,1837,0,0,0,88.3,1.5,0.5,4.1,5.5
England & Wales,,1838,0,0,0,88.5,1.5,0.5,4,5.4
England & Wales,,1839,0,0,0,88.7,1.6,0.4,4,5.3
England & Wales,,1840,0,0,0,88.9,1.6,0.4,3.9,5.2
England & Wales,,1841,0,0,0,89,1.7,0.3,3.8,5.2
England & Wales,,1842,0,0,0,89.2,1.7,0.3,3.8,5.1
England & Wales,,1843,0,0,0,89.7,1.6,0.2,3.6,4.9
England & Wales,,1844,0,0,0,90.1,1.5,0.2,3.5,4.7
England & Wales,,1845,0,0,0,90.3,1.5,0.1,3.4,4.6
England & Wales,,1846,0,0,0,90.7,1.5,0.1,3.3,4.4
England & Wales,,1847,0,0,0,91,1.5,0.1,3.2,4.3
England & Wales,,1848,0,0,0,91.2,1.4,0.1,3.1,4.2
England & Wales,,1849,0,0,0,91.5,1.4,0,3,4
England & Wales,,1850,0,0,0,91.7,1.4,0,2.9,3.9
England & Wales,,1851,0,0,0,93.2,0,0,2.9,3.9
England & Wales,,1852,0,0,0,93.4,0,0,2.8,3.8
England & Wales,,1853,0,0,0,93.5,0,0,2.7,3.7
England & Wales,,1854,0,0,0,93.7,0,0,2.7,3.7
England & Wales,,1855,0,0,0,93.8,0,0,2.6,3.6
England & Wales,,1856,0,0,0,93.8,0,0,2.6,3.5
England & Wales,,1857,0,0,0,93.9,0,0,2.6,3.5
England & Wales,,1858,0,0,0,94.1,0,0,2.5,3.4
England & Wales,,1859,0,0,0,94.2,0,0,2.5,3.3
England & Wales,,1860,0,0,0,94.3,0,0,2.4,3.3
England & Wales,,1861,0,0,0,94.4,0,0,2.4,3.2
England & Wales,,1862,0,0,0,94.5,0,0,2.3,3.2
England & Wales,,1863,0,0,0,94.4,0,0,2.4,3.2
England & Wales,,1864,0,0,0,94.7,0,0,2.3,3
England & Wales,,1865,0,0,0,94.8,0,0,2.2,3
England & Wales,,1866,0,0,0,94.9,0,0,2.2,2.9
England & Wales,,1867,0,0,0,94.7,0,0,2.2,3
England & Wales,,1868,0,0,0,94.9,0,0,2.1,2.9
England & Wales,,1869,0,0,0,95,0,0,2.1,2.9
England & Wales,,1870,0,0,0,95.3,0,0,2,2.7
England & Wales,,1871,0,0,0,95.4,0,0,1.9,2.6
England & Wales,,1872,0,0,0,95.6,0,0,1.9,2.5
England & Wales,,1873,0,0,0.1,95.4,0,0,1.9,2.6
England & Wales,,1874,0,0,0.1,95.5,0,0,1.9,2.5
England & Wales,,1875,0,0,0.1,95.5,0,0,1.9,2.5
England & Wales,,1876,0,0,0.1,95.4,0,0,1.9,2.6
England & Wales,,1877,0,0,0.2,95.2,0,0,2,2.6
England & Wales,,1878,0,0,0.1,95.2,0,0,2,2.6
England & Wales,,1879,0,0,0.2,95.6,0,0,1.8,2.4
England & Wales,,1880,0,0,0.2,95.7,0,0,1.8,2.3
England & Wales,,1881,0,0,0.2,96,0,0,1.4,2.3
England & Wales,,1882,0,0,0.2,96.2,0,0,1.4,2.2
England & Wales,,1883,0,0,0.3,96,0,0,1.4,2.3
England & Wales,,1884,0,0,0.2,95.9,0,0,1.5,2.4
England & Wales,,1885,0,0,0.3,95.7,0,0,1.5,2.4
England & Wales,,1886,0,0,0.3,95.9,0,0,1.5,2.3
England & Wales,,1887,0,0,0.3,96,0,0,1.5,2.3
England & Wales,,1888,0,0,0.4,96,0,0,1.4,2.2
England & Wales,,1889,0,0,0.4,96,0,0,1.4,2.2
England & Wales,,1890,0,0,0.4,96,0,0,1.4,2.1
England & Wales,,1891,0,0,0.5,95.4,0,0,1.9,2.2
England & Wales,,1892,0,0,0.5,94.8,0,0,2.1,2.5
England & Wales,,1893,0,0,0.6,95.5,0,0,1.8,2.1
England & Wales,,1894,0,0,0.6,95.4,0,0,1.8,2.2
England & Wales,,1895,0,0,0.6,95.4,0,0,1.8,2.1
England & Wales,,1896,0,0,0.6,95.5,0,0,1.8,2.1
England & Wales,,1897,0,0,0.6,95.4,0,0,1.8,2.1
England & Wales,,1898,0,0,0.7,95.7,0,0,1.6,2
England & Wales,,1899,0,0,0.5,95.8,0,0,1.7,2
England & Wales,,1900,0,0,0.6,95.5,0,0,1.8,2.1
England & Wales,,1901,0,0,0.6,95.7,0,0,1.7,2
England & Wales,,1902,0,0,0.6,95.6,0,0,1.6,2.1
England & Wales,,1903,0,0,0.6,95.6,0,0,1.6,2.1
England & Wales,,1904,0,0,0.7,95.6,0,0,1.6,2.2
England & Wales,,1905,0,0,0.6,95.8,0,0,1.5,2.1
England & Wales,,1906,0,0,0.6,96,0,0,1.4,2
England & Wales,,1907,0,0,0.6,95.6,0,0,1.5,2.2
England & Wales,,1908,0,0,0.7,95.6,0,0,1.5,2.3
England & Wales,,1909,0,0,0.8,95.5,0,0,1.4,2.3
England & Wales,,1910,0,0,0.7,95.7,0,0,1.4,2.3
England & Wales,,1911,0,0,0.8,95.3,0,0,1.5,2.5
England & Wales,,1912,0,0,0.8,95.7,0,0,1.2,2.3
England & Wales,,1913,0,0,1,95.5,0,0,1.2,2.3
England & Wales,,1914,0,0,1.4,95,0,0,1.2,2.5
England & Wales,,1915,0,0,1.2,95.5,0,0,1.1,2.3
England & Wales,,1916,0,0,0.8,96.1,0,0,1,2.1
England & Wales,,1917,0,0,1.7,95.2,0,0,1,2.1
England & Wales,,1918,0,0,3,93.7,0,0,1,2.3
England & Wales,,1919,0,0,1.5,95.1,0,0,1,2.4
England & Wales,,1920,0,0,1.8,95,0,0,0.9,2.3
England & Wales,,1921,0,0,3.8,91.7,0,0,1.2,3.3
England & Wales,,1922,0,0,2.5,94,0,0,0.9,2.6
England & Wales,,1923,0,0,2.3,94.4,0,0,0.8,2.5
England & Wales,,1924,0,0,2.6,94.3,0,0,0.7,2.4
England & Wales,,1925,0,0,2.5,94.2,0,0,0.7,2.6
England & Wales,,1926,0,0,4.9,90.5,0,0,1,3.6
England & Wales,,1927,0,0,3.5,93.4,0,0,0.7,2.5
England & Wales,,1928,0,0,3.8,92.9,0,0,0.7,2.6
England & Wales,,1929,0,0,4.4,92.5,0,0,0.6,2.5
England & Wales,,1930,0,0,5.1,91.6,0,0,0.6,2.6
England & Wales,,1931,0,0,5.2,91.4,0,0,0.6,2.8
England & Wales,,1932,0,0,5.3,91.2,0,0,0.6,2.9
England & Wales,,1933,0,0,5.8,90.7,0,0,0.6,2.9
England & Wales,,1934,0,0,6.1,90.6,0,0,0.5,2.7
England & Wales,,1935,0,0,6,91.3,0,0,0,2.7
England & Wales,,1936,0,0,5.9,91.5,0,0,0,2.6
England & Wales,,1937,0,0,6.1,91.5,0,0,0,2.5
England & Wales,,1938,0,0,5.3,92,0,0,0,2.7
England & Wales,,1939,0,0,4.9,92.5,0,0,0,2.6
England & Wales,,1940,0,0,4.3,93.1,0,0,0,2.7
England & Wales,,1941,0,0,4.7,92.7,0,0,0,2.6
England & Wales,,1942,0,0,4.6,92.8,0,0,0,2.6
England & Wales,,1943,0,0,5.1,92.2,0,0,0,2.7
England & Wales,,1944,0,0,7.5,89.7,0,0,0,2.8
England & Wales,,1945,0,0,6.4,90.7,0,0,0,2.9
England & Wales,,1946,0,0,5.8,91.4,0,0,0,2.8
England & Wales,,1947,0,0,7,90.2,0,0,0,2.8
England & Wales,,1948,0,0,7,90.2,0,0,0,2.7
England & Wales,,1949,0,0,7.5,89.8,0,0,0,2.8
England & Wales,,1950,0,0,8,89.3,0,0,0,2.7
England & Wales,,1951,0,0,8.5,88.9,0,0,0,2.6
England & Wales,,1952,0,0,8.9,88.5,0,0,0,2.6
England & Wales,,1953,0,0,9.6,87.7,0,0,0,2.7
England & Wales,,1954,0,0,10.3,87,0,0,0,2.7
England & Wales,,1955,0,0,11.2,86.1,0,0,0,2.7
England & Wales,,1956,0,0,12,85.4,0,0,0,2.7
England & Wales,,1957,0,0,12.1,85.2,0,0,0,2.7
England & Wales,,1958,0,0,15.4,81.8,0,0,0,2.8
England & Wales,,1959,0,0,18.7,78.5,0,0,0,2.8
England & Wales,,1960,0.2,0,20.6,76.5,0,0,0,2.7
England & Wales,,1961,0.3,0,22.3,74.7,0,0,0,2.7
England & Wales,,1962,0.3,0.1,24.2,72.7,0,0,0,2.7
England & Wales,,1963,0.4,0.1,25.6,71.3,0,0,0,2.6
England & Wales,,1964,0.5,0.1,28.1,68.7,0,0,0,2.6
England & Wales,,1965,0.8,0.4,30.2,66.2,0,0,0,2.5
England & Wales,,1966,1,0.4,33,63.1,0,0,0,2.5
England & Wales,,1967,1.1,0.6,36,59.7,0,0,0,2.6
England & Wales,,1968,1.2,1.3,36.9,58,0,0,0,2.5
England & Wales,,1969,1.3,2.5,38.7,55.1,0,0,0,2.4
England & Wales,,1970,1.2,4.9,40.2,51.4,0,0,0,2.4
England & Wales,,1971,1.2,8,41.4,47.1,0,0,0,2.4
England & Wales,,1972,1.3,11.3,44.1,41,0,0,0,2.3
England & Wales,,1973,1.2,11.7,42.8,42.3,0,0,0,2.2
England & Wales,,1974,1.4,14.7,42.2,39.4,0,0,0,2.2
England & Wales,,1975,1.3,15.9,38.3,42.2,0,0,0,2.2
England & Wales,,1976,1.5,16.7,37.5,42.1,0,0,0,2.2
England & Wales,,1977,1.7,17.4,37.4,41.4,0,0,0,2.2
England & Wales,,1978,1.6,18,38.2,40.1,0,0,0,2.2
England & Wales,,1979,1.5,18.8,36.6,41,0,0,0,2.1
England & Wales,,1980,1.6,20.2,33.6,42.3,0,0,0,2.2
England & Wales,,1981,1.7,21.4,32.2,42.4,0,0,0,2.3
England & Wales,,1982,2,21.7,33.5,40.5,0,0,0,2.3
England & Wales,,1983,2.3,22.7,32.1,40.7,0,0,0,2.3
England & Wales,,1984,2.5,24.1,41.8,29.3,0,0,0,2.3
England & Wales,,1985,2.6,24.2,33.6,37.4,0,0,0,2.1
England & Wales,,1986,2.7,23.8,32.3,39.2,0,0,0,2.1
England & Wales,,1987,2.8,24.4,31.3,39.5,0,0,0,2
England & Wales,,1988,3.2,23.2,33.5,38.2,0,0,0,2
England & Wales,,1989,3.5,22.5,34.4,37.3,0,0.3,0,2
England & Wales,,1990,3.2,23.1,34.4,37.1,0,0.3,0,1.9
England & Wales,,1991,3.5,24.5,34,35.9,0,0.3,0,1.8
England & Wales,,1992,3.8,24.7,34.9,34.1,0,0.4,0,2
England & Wales,,1993,4.3,28.4,35.3,29.6,0,0.5,0,2
England & Wales,,1994,4.4,29.6,35.2,28.2,0,0.7,0,2
England & Wales,,1995,4.4,31.6,34.8,26.5,0,0.7,0,2
England & Wales,,1996,4.4,35.2,34.1,23.5,0,0.7,0,2.1
England & Wales,,1997,4.6,37.3,33.7,21.3,0,0.8,0,2.3
England & Wales,,1998,4.5,38.3,33.1,21,0,0.8,0,2.2
England & Wales,,1999,4.4,40.9,33.1,18.6,0,0.8,0,2.2
England & Wales,,2000,3.9,41.3,32.3,19.6,0,0.8,0,2.1
England & Wales,,2001,3.9,41.3,32.3,19.6,0,0.8,0,2.1
England & Wales,,2002,3.9,40.4,32.2,20.4,0,1,0,2.1
England & Wales,,2003,3.8,40.8,32.9,19.1,0,1.2,0,2.1
England & Wales,,2004,3.5,40.2,32.7,20.2,0,1.3,0,2.1
England & Wales,,2005,3.5,40.9,32.9,19.3,0,1.4,0,2.1
England & Wales,,2006,3.6,39.8,33.2,19.8,0,1.6,0,2.1
England & Wales,,2007,3.2,41.8,30.8,19.9,0,2,0,2.3
England & Wales,,2008,3.1,43.2,30.5,18.5,0,2.2,0,2.4
France,FRA,1800,0,0,0,3.8,0,65.4,10.4,20.5
France,FRA,1801,0,0,0,4.2,0,64.7,10.6,20.6
France,FRA,1802,0,0,0,4.6,0,63.8,10.7,20.9
France,FRA,1803,0,0,0,4.5,0,63.3,10.9,21.3
France,FRA,1804,0,0,0,4.4,0,62.9,11,21.7
France,FRA,1805,0,0,0,4.4,0,62.8,11.1,21.6
France,FRA,1806,0,0,0,4.4,0,62.6,11.2,21.8
France,FRA,1807,0,0,0,4.4,0,62.6,11.4,21.7
France,FRA,1808,0,0,0,4.3,0,62.5,11.5,21.7
France,FRA,1809,0,0,0,4.3,0,62.3,11.6,21.7
France,FRA,1810,0,0,0,4.3,0,62.2,11.8,21.7
France,FRA,1811,0,0,0,4.1,0,62.2,11.9,21.8
France,FRA,1812,0,0,0,4.4,0,61.8,12,21.7
France,FRA,1813,0,0,0,4.2,0,61.5,12.3,22
France,FRA,1814,0,0,0,4.3,0,61,12.6,22.1
France,FRA,1815,0,0,0,4.8,0,60.4,12.7,22.1
France,FRA,1816,0,0,0,5.1,0,60,12.8,22.1
France,FRA,1817,0,0,0,5.4,0,59.6,12.9,22.1
France,FRA,1818,0,0,0,4.8,0,59.8,13.1,22.3
France,FRA,1819,0,0,0,5.1,0,59.4,13.2,22.3
France,FRA,1820,0,0,0,5.8,0,58.9,13.2,22.2
France,FRA,1821,0,0,0,5.9,0,58.6,13.2,22.3
France,FRA,1822,0,0,0,6.2,0,58.3,13.2,22.3
France,FRA,1823,0,0,0,6.2,0,58.1,13.2,22.5
France,FRA,1824,0,0,0,6.8,0,57.6,13.1,22.4
France,FRA,1825,0,0,0,7.8,0,55.5,13.5,23.1
France,FRA,1826,0,0,0,8.1,0,55.2,13.6,23.2
France,FRA,1827,0,0,0,11.2,0,53.1,13.2,22.4
France,FRA,1828,0,0,0,11.7,0,52.6,13.3,22.4
France,FRA,1829,0,0,0,11.4,0,52.6,13.4,22.6
France,FRA,1830,0,0,0,12,0,52.2,13.4,22.4
France,FRA,1831,0,0,0,11.2,0,52.5,13.7,22.7
France,FRA,1832,0,0,0,12.3,0,51.6,13.6,22.5
France,FRA,1833,0,0,0,13.2,0,51,13.6,22.3
France,FRA,1834,0,0,0,14.8,0,49.9,13.4,21.9
France,FRA,1835,0,0,0,14.6,0,50.8,13.2,21.4
France,FRA,1836,0,0,0,16.5,0,49.5,13,21
France,FRA,1837,0,0,0,17.5,0,48.7,12.9,20.8
France,FRA,1838,0,0,0,18.2,0,48.1,13.1,20.6
France,FRA,1839,0,0,0,17.7,0,48.2,13.4,20.7
France,FRA,1840,0,0,0,17.8,0,47.9,13.7,20.7
France,FRA,1841,0,0,0,20.2,0,46.2,13.5,20.1
France,FRA,1842,0,0,0,20.6,0,45.7,13.7,20
France,FRA,1843,0,0,0,21,0,45.2,13.9,19.9
France,FRA,1844,0,0,0,21.4,0,44.7,14.1,19.8
France,FRA,1845,0,0,0,25.3,0,40.5,14.4,19.9
France,FRA,1846,0,0,0,26,0,39.8,14.5,19.7
France,FRA,1847,0,0,0,28.3,0,38.3,14.3,19
France,FRA,1848,0,0,0,23.8,0,40.7,15.3,20.2
France,FRA,1849,0,0,0,24.6,0,40.2,15.2,20
France,FRA,1850,0,0,0,27,0,38.8,14.8,19.4
France,FRA,1851,0,0,0,27.4,0,38.5,14.7,19.4
France,FRA,1852,0,0,0,29.4,0,37.4,14.4,18.9
France,FRA,1853,0,0,0,33,0,35.4,13.7,17.9
France,FRA,1854,0,0,0,36.1,0,33.6,13.1,17.1
France,FRA,1855,0,0,0.1,39.9,0,30.5,12.9,16.7
France,FRA,1856,0,0,0.1,41,0,29.9,12.7,16.4
France,FRA,1857,0,0,0.1,41.4,0,29.6,12.6,16.3
France,FRA,1858,0,0,0.1,40.9,0,29.8,12.8,16.4
France,FRA,1859,0,0,0.1,41.2,0,29.6,12.8,16.4
France,FRA,1860,0,0,0.1,43.3,0,28.5,12.4,15.8
France,FRA,1861,0,0,0.1,45,0,27.4,12,15.6
France,FRA,1862,0,0,0.1,46.2,0,26.7,11.7,15.3
France,FRA,1863,0,0,0.1,46.6,0,26.5,11.7,15.2
France,FRA,1864,0,0,0.1,48,0,25.7,11.4,14.8
France,FRA,1865,0,0,0.1,50.7,0,22.8,11.5,14.9
France,FRA,1866,0,0,0.1,52.7,0,21.8,11.1,14.3
France,FRA,1867,0,0,0.1,53,0,21.7,11,14.2
France,FRA,1868,0,0,0.1,53.5,0,21.4,11,14.1
France,FRA,1869,0,0,0.1,54.4,0,21.2,10.9,13.4
France,FRA,1870,0,0,0.1,51.4,0,22.5,11.7,14.3
France,FRA,1871,0,0,0.1,51.4,0,22.6,11.7,14.1
France,FRA,1872,0,0,0.1,56.2,0,20.4,10.6,12.7
France,FRA,1873,0,0,0.1,58.1,0,19.4,10.1,12.2
France,FRA,1874,0,0,0.1,58.1,0,18.2,10.7,12.9
France,FRA,1875,0,0,0.2,59,0,17.7,10.4,12.7
France,FRA,1876,0,0,0.2,58.9,0,17.7,10.4,12.7
France,FRA,1877,0,0,0.2,58.4,0,17.9,10.6,12.9
France,FRA,1878,0,0,0.2,58.8,0,17.6,10.5,12.8
France,FRA,1879,0,0,0.2,59.6,0,17.2,10.3,12.6
France,FRA,1880,0,0,0.2,62.5,0,16,9.6,11.8
France,FRA,1881,0,0,0.2,63,0,15.8,9.4,11.6
France,FRA,1882,0,0,0.2,64.2,0,15.2,9.1,11.3
France,FRA,1883,0,0,0.2,65.2,0,14.7,8.9,11
France,FRA,1884,0,0,0.2,64.3,0,15.1,9.1,11.3
France,FRA,1885,0,0,0.6,62.6,0,16.1,9.3,11.5
France,FRA,1886,0,0,0.6,62.3,0,16.1,9.3,11.6
France,FRA,1887,0,0,0.6,63.5,0,15.6,9,11.3
France,FRA,1888,0,0,0.6,64.4,0,15.2,8.8,11
France,FRA,1889,0,0,0.6,65,0,14.9,8.7,10.8
France,FRA,1890,0,0,0.5,67.1,0,14,8.2,10.2
France,FRA,1891,0,0,0.5,67.1,0,14,8.3,10.1
France,FRA,1892,0,0,0.5,67,0,13.9,8.4,10.1
France,FRA,1893,0,0,0.5,66.5,0,14.1,8.6,10.2
France,FRA,1894,0,0,0.5,67.8,0,13.6,8.2,9.9
France,FRA,1895,0,0,0.6,68.7,0,12.5,8.3,9.9
France,FRA,1896,0,0,0.6,69.5,0,12.2,8.1,9.7
France,FRA,1897,0,0,0.6,70.4,0,11.8,7.8,9.4
France,FRA,1898,0,0,0.6,71,0,11.5,7.7,9.2
France,FRA,1899,0,0,0.6,72.1,0,11.1,7.2,9
France,FRA,1900,0,0,0.5,73.6,0,10.6,6.8,8.5
France,FRA,1901,0,0,0.5,72.9,0,10.8,7.1,8.7
France,FRA,1902,0,0,0.6,71.6,0,11.3,7.4,9.1
France,FRA,1903,0,0,0.5,73.4,0,10.5,7.1,8.5
France,FRA,1904,0,0,0.5,72.8,0,10.7,7.3,8.6
France,FRA,1905,0,0,0.3,74,0,9.7,7.4,8.7
France,FRA,1906,0,0,0.3,75.3,0,9.2,7.1,8.3
France,FRA,1907,0,0,0.2,76.5,0,8.7,6.7,7.9
France,FRA,1908,0,0,0.2,76.5,0,8.7,6.7,7.8
France,FRA,1909,0,0,0.2,76.7,0,8.5,6.9,7.7
France,FRA,1910,0,0,0.2,76.7,0,8.4,7,7.7
France,FRA,1911,0,0,0.2,77.3,0,8.2,6.9,7.4
France,FRA,1912,0,0,0.2,77.4,0,8.1,6.9,7.4
France,FRA,1913,0,0,0.2,78.7,0,7.6,6.5,6.9
France,FRA,1914,0,0,0,73.4,0,10.2,8.6,7.8
France,FRA,1915,0,0,0,70.4,0,11.2,9.8,8.6
France,FRA,1916,0,0,0,71.7,0,10.8,9.5,8.1
France,FRA,1917,0,0,0,73.9,0,10,8.7,7.4
France,FRA,1918,0,0,0,71.5,0,10.8,9.5,8.1
France,FRA,1919,0,0,0.1,72.9,0,10.4,9.1,7.6
France,FRA,1920,0,0,0.7,76.3,0,8.3,7.3,7.4
France,FRA,1921,0,0,0.8,76.4,0,9.2,5.5,8.2
France,FRA,1922,0,0,0.7,79.2,0,8.1,4.8,7.2
France,FRA,1923,0.6,0,0.6,80.5,0,7.3,4.4,6.6
France,FRA,1924,0.5,0,0.6,81.9,0,6.7,4.2,6.1
France,FRA,1925,0.6,0,3.1,79.7,0,6.5,4,6.1
France,FRA,1926,0.7,0,3,79.9,0,6.3,4.2,5.9
France,FRA,1927,0.7,0,3.4,79.6,0,6.1,4.4,5.8
France,FRA,1928,0.8,0,4.4,78.3,0,6.1,4.5,5.8
France,FRA,1929,0.8,0,4.4,79.5,0,5.6,4.3,5.3
France,FRA,1930,0.9,0,5.1,78.9,0,5.5,4.3,5.3
France,FRA,1931,0.8,0,6,77,0,5.9,4.6,5.7
France,FRA,1932,0.9,0,7,74.2,0,6.5,5.1,6.2
France,FRA,1933,1,0,8.6,73,0,6.4,5,6.1
France,FRA,1934,1.1,0,8.2,73.2,0,6.4,5.1,6.1
France,FRA,1935,1.3,0,9.3,71.3,0,6.6,5.3,6.3
France,FRA,1936,1.3,0,10.9,70,0,6.5,5.2,6.1
France,FRA,1937,1.4,0,10.3,71.8,0,6.1,4.7,5.7
France,FRA,1938,1.4,0,11.7,69.7,0,6.3,5,6
France,FRA,1939,1.7,0,11,71.6,0,4,5.2,6.3
France,FRA,1940,2.1,0,8.5,68.4,0,5.9,6.9,8.2
France,FRA,1941,2.4,0,0.7,72.6,0,7.6,7.7,9
France,FRA,1942,2,0,0.7,70.8,0,10.8,7.3,8.5
France,FRA,1943,2,0.1,0.5,71.6,0,10.2,7.1,8.4
France,FRA,1944,2.2,0.2,0.6,63.1,0,12.7,9.7,11.5
France,FRA,1945,2.1,0.2,5.1,66,0,9.9,7.5,9.2
France,FRA,1946,1.7,0.2,8.9,70.1,0,8.3,4.2,6.7
France,FRA,1947,1.7,0.2,10.3,68.1,0,9.8,3.8,6.1
France,FRA,1948,1.9,0.2,12.1,66.8,0,9.4,3.8,5.9
France,FRA,1949,1.7,0.3,13.8,67.2,0,8.4,3.4,5.3
France,FRA,1950,2.1,0.3,15.9,62.8,0,9.3,3.6,5.9
France,FRA,1951,2.4,0.3,17.4,62.9,0,8.4,3.1,5.4
France,FRA,1952,2.5,0.3,18,62.6,0,8,3.3,5.2
France,FRA,1953,2.5,0.3,17.8,61.2,0,8.7,3.8,5.7
France,FRA,1954,2.6,0.3,22.5,57.9,0,8,3.5,5.2
France,FRA,1955,2.7,0.4,24.7,55.7,0,7.9,3.5,5.2
France,FRA,1956,2.5,0.5,23.8,58.1,0,7.1,3.2,4.7
France,FRA,1957,2.3,0.6,24.7,58.1,0,6.8,3,4.6
France,FRA,1958,3.1,0.8,25.9,55.8,0,6.8,3,4.6
France,FRA,1959,3,1.8,27.9,52.9,0,6.8,2.9,4.7
France,FRA,1960,3.4,2.8,29.6,49.4,0,7,3,4.9
France,FRA,1961,3.3,3.7,30.4,48,0,7.1,2.8,4.7
France,FRA,1962,3,4.1,31.8,47.2,0,6.9,2.5,4.5
France,FRA,1963,3.5,3.9,34.8,44.5,0,6.7,2.2,4.3
France,FRA,1964,2.6,3.9,38.5,42.3,0,6.6,2,4.1
France,FRA,1965,3.5,3.8,41.9,38.1,0,6.7,1.9,4
France,FRA,1966,3.8,3.9,44.6,35,0,6.9,1.8,4
France,FRA,1967,3.4,4.2,47.7,32.6,0,6.8,1.6,3.8
France,FRA,1968,3.6,4.8,50.1,29.8,0,6.7,1.4,3.7
France,FRA,1969,3.5,5.2,52.3,27.8,0,6.5,1.3,3.4
France,FRA,1970,3.5,4.9,56,25,0,6.3,1.1,3.3
France,FRA,1971,3.1,5.7,59,21.9,0,6.2,0.9,3.2
France,FRA,1972,3,6.5,62.2,18.4,0,6,0.8,3.1
France,FRA,1973,2.5,7.1,63.8,17.2,0,5.8,0.7,2.9
France,FRA,1974,3.1,7.6,62.5,17.9,0,5.4,0.6,3
France,FRA,1975,3.9,9.1,60.4,17,0,5.9,0.6,3.2
France,FRA,1976,2.8,9.1,61.4,17.9,0,5.2,0.5,3
France,FRA,1977,4.1,9.6,58.8,18.5,0,5.4,0.4,3.1
France,FRA,1978,4,9.8,60,17.5,0,5.4,0.4,3
France,FRA,1979,3.8,10.6,58.4,18.5,0,5.4,0.3,2.9
France,FRA,1980,5.2,11.2,56.2,19.1,0,5,0.3,3
France,FRA,1981,7.7,12.2,53.4,18,0,5.2,0.3,3.2
France,FRA,1982,8.2,12.1,51.5,19.1,0,5.4,0.3,3.3
France,FRA,1983,9.9,13.1,50,17.2,0,6.1,0.3,3.4
France,FRA,1984,12.3,13.2,47.8,16.7,0.1,6.2,0.3,3.4
France,FRA,1985,13.5,14.1,45.9,15.9,0.1,6.8,0.3,3.3
France,FRA,1986,15.6,14.3,46.6,13.1,0.1,6.7,0.3,3.3
France,FRA,1987,15.9,14.4,46.7,12.4,0.1,6.9,0.3,3.3
France,FRA,1988,17.8,14.4,45.4,12.2,0.1,6.5,0.3,3.3
France,FRA,1989,18,13.7,45.6,12.6,0.1,6.5,0.3,3.2
France,FRA,1990,18.8,14.2,44.8,11.8,0.1,6.8,0.3,3.2
France,FRA,1991,18.2,15,43.7,12,0.1,7.7,0.3,3.1
France,FRA,1992,19.5,15.5,43,10.9,0.1,7.6,0.3,3.2
France,FRA,1993,20.5,15.7,44.3,8.6,0.1,7.4,0.3,3.2
France,FRA,1994,21.1,15.8,43.2,9,0.1,7.1,0.3,3.4
France,FRA,1995,21.3,16.3,42.3,9.4,0.1,7.1,0.3,3.3
France,FRA,1996,20.7,17,42.6,9.2,0.1,7.1,0.3,3.1
France,FRA,1997,21.6,17,42.3,8.5,0.1,7,0.3,3.3
France,FRA,1998,20.4,17.3,42.5,9.5,0.1,6.9,0.3,3.1
France,FRA,1999,21.2,17.7,42.2,8.5,0.1,6.8,0.3,3.1
France,FRA,2000,21.7,18.7,41,8.3,0.1,6.8,0.3,3.1
France,FRA,2001,21.8,18.8,43.1,6.6,0.1,6.3,0.2,3
France,FRA,2002,22.1,19,42.3,7.2,0.1,6.1,0.2,3
France,FRA,2003,22.4,19.6,41.1,7.4,0.1,6.2,0.2,3
France,FRA,2004,22.3,19.9,41.2,7.1,0.1,6.2,0.2,3
France,FRA,2005,21.7,20.4,41,7.4,0.1,6.3,0.2,3
France,FRA,2006,22.4,20,41,6.9,0.1,6.4,0.2,3
France,FRA,2007,21.5,21.2,39.2,7.2,0.1,7.3,0.3,3.2
France,FRA,2008,21.9,20.7,38.9,6.9,0.1,8,0.3,3.2
Germany,DEU,1815,0,0,0,11.3,1.5,47.6,15.6,24
Germany,DEU,1816,0,0,0,11.3,1.5,47.8,15.5,23.9
Germany,DEU,1817,0,0,0,11.3,1.5,47.8,15.6,23.8
Germany,DEU,1818,0,0,0,11.3,1.5,47.3,15.7,24.3
Germany,DEU,1819,0,0,0,10.7,1.5,47,16,24.8
Germany,DEU,1820,0,0,0,11.3,1.5,46.1,16,25.1
Germany,DEU,1821,0,0,0,11.9,1.6,45.2,16,25.3
Germany,DEU,1822,0,0,0,12.4,1.6,44.3,16.1,25.6
Germany,DEU,1823,0,0,0,12.4,1.6,44.3,16,25.7
Germany,DEU,1824,0,0,0,12.8,1.6,44,15.9,25.7
Germany,DEU,1825,0,0,0,12.8,1.6,44,15.9,25.8
Germany,DEU,1826,0,0,0,12.7,1.6,44,15.8,25.9
Germany,DEU,1827,0,0,0,13.1,1.6,43.7,15.7,25.8
Germany,DEU,1828,0,0,0,13.1,1.6,43.8,15.7,25.9
Germany,DEU,1829,0,0,0,13,1.6,43.8,15.7,25.9
Germany,DEU,1830,0,0,0,13.4,1.6,43.6,15.6,25.8
Germany,DEU,1831,0,0,0,12.8,1.6,43.9,15.7,26
Germany,DEU,1832,0,0,0,13.8,1.6,43.4,15.5,25.8
Germany,DEU,1833,0,0,0,14.8,1.6,42.8,15.3,25.5
Germany,DEU,1834,0,0,0,14.7,1.6,42.8,15.3,25.6
Germany,DEU,1835,0,0,0,14.6,1.6,42.9,15.3,25.7
Germany,DEU,1836,0,0,0,15.5,1.6,42.3,15.1,25.5
Germany,DEU,1837,0,0,0,18.1,1.5,40.9,14.6,24.8
Germany,DEU,1838,0,0,0,18.5,1.5,41,14.4,24.6
Germany,DEU,1839,0,0,0,19.3,1.5,40.9,14.1,24.2
Germany,DEU,1840,0,0,0,19.9,1.5,40.9,13.8,23.9
Germany,DEU,1841,0,0,0,20.3,1.4,40.9,13.6,23.7
Germany,DEU,1842,0,0,0,22.2,1.4,40.3,13.1,23
Germany,DEU,1843,0,0,0,21.2,1.4,40.8,13.2,23.4
Germany,DEU,1844,0,0,0,22,1.4,40.3,13,23.2
Germany,DEU,1845,0,0,0,24.3,1.4,39.1,12.6,22.6
Germany,DEU,1846,0,0,0,25,1.4,38.6,12.4,22.5
Germany,DEU,1847,0,0,0,25.9,1.4,38.2,12.3,22.3
Germany,DEU,1848,0,0,0,24.9,1.4,38.2,12.6,22.9
Germany,DEU,1849,0,0,0,25.8,1.4,37.2,12.6,22.9
Germany,DEU,1850,0,0,0,27.6,1.5,35.7,12.5,22.7
Germany,DEU,1851,0,0,0,30,1.4,34,12.3,22.4
Germany,DEU,1852,0,0,0,32.5,1.4,32.6,11.8,21.6
Germany,DEU,1853,0,0,0,33.6,1.3,32.8,11.5,20.9
Germany,DEU,1854,0,0,0,36.9,1.3,31.3,10.9,19.6
Germany,DEU,1855,0,0,0,40.2,1.2,29.9,10.4,18.3
Germany,DEU,1856,0,0,0,41.5,1.2,29.5,10.1,17.7
Germany,DEU,1857,0,0,0,42.6,1.1,29.1,9.9,17.2
Germany,DEU,1858,0,0,0,44.2,1.1,28.5,9.6,16.6
Germany,DEU,1859,0,0,0,42.7,1.1,29.1,9.9,17.1
Germany,DEU,1860,0,0,0,44.4,1.1,28.1,9.7,16.7
Germany,DEU,1861,0,0,0,47.3,1,26.4,9.3,15.9
Germany,DEU,1862,0,0,0,49.7,1,25.1,8.7,15.4
Germany,DEU,1863,0,0,0,51.7,1,24.1,8.3,15
Germany,DEU,1864,0,0,0,54.9,0.9,22.5,7.6,14.1
Germany,DEU,1865,0,0,0,57.2,0.9,21.1,7.5,13.2
Germany,DEU,1866,0,0,0.1,57,0.9,21,7.5,13.4
Germany,DEU,1867,0,0,0.2,59.3,0.8,19.7,7.2,12.8
Germany,DEU,1868,0,0,0.2,61,0.8,18.6,6.9,12.3
Germany,DEU,1869,0,0,0.3,62.1,0.8,17.9,6.8,12.1
Germany,DEU,1870,0,0,0.3,61.9,0.8,17.8,6.9,12.3
Germany,DEU,1871,0,0,0.4,64.3,0.8,16.4,6.5,11.6
Germany,DEU,1872,0,0,0.4,66.1,0.7,15.4,6.3,11.1
Germany,DEU,1873,0,0,0.5,67.5,0.7,14.5,6.1,10.8
Germany,DEU,1874,0,0,0.4,67.8,0.7,14,6.2,10.9
Germany,DEU,1875,0,0,0.5,68.5,0.7,13.2,6.2,10.9
Germany,DEU,1876,0,0,0.6,68.6,0.7,13.2,6.2,10.8
Germany,DEU,1877,0,0,0.7,67.8,0.7,13.4,6.3,11.1
Germany,DEU,1878,0,0,0.6,67.9,0.7,13.7,6.2,10.9
Germany,DEU,1879,0,0,0.6,70,0.7,11.9,6.1,10.7
Germany,DEU,1880,0,0,0.5,72.8,0.6,11,5.5,9.6
Germany,DEU,1881,0,0,0.6,73.2,0.6,10.7,5.4,9.4
Germany,DEU,1882,0,0,0.7,74.1,0.6,10.5,5.2,9
Germany,DEU,1883,0,0,0.7,76.1,0.6,8.8,5.2,8.7
Germany,DEU,1884,0,0,0.9,76.1,0.5,8.7,5.1,8.6
Germany,DEU,1885,0,0,0.9,76.3,0.5,8.7,5.1,8.5
Germany,DEU,1886,0,0,0.8,76.1,0.5,9.1,5.1,8.4
Germany,DEU,1887,0,0,0.9,76.2,0.5,9.3,4.9,8.2
Germany,DEU,1888,0,0,1,78,0.4,8.2,4.7,7.7
Germany,DEU,1889,0,0,1,79.1,0.4,7.5,4.5,7.5
Germany,DEU,1890,0,0,1,79.9,0.4,6.9,4.4,7.3
Germany,DEU,1891,0,0,1,80.6,0.4,6.7,4.3,7
Germany,DEU,1892,0,0,1.1,80.1,0.4,6.7,4.4,7.2
Germany,DEU,1893,0,0,1.1,80.1,0.4,7,4.4,7.1
Germany,DEU,1894,0,0,1.1,80.1,0.4,7.2,4.3,6.9
Germany,DEU,1895,0,0,1.1,80.5,0.3,7.1,4.2,6.7
Germany,DEU,1896,0,0,1.1,81.8,0.3,6.3,4,6.5
Germany,DEU,1897,0,0,1.1,82.8,0.3,5.7,3.8,6.2
Germany,DEU,1898,0,0,1.1,83.3,0.3,5.5,3.7,6.1
Germany,DEU,1899,0,0,1,84.1,0.3,5.1,3.6,5.9
Germany,DEU,1900,0,0,1,85,0.3,4.8,3.4,5.6
Germany,DEU,1901,0,0,1,84.9,0.3,4.7,3.4,5.7
Germany,DEU,1902,0,0,1,84.5,0.3,4.7,3.6,5.9
Germany,DEU,1903,0,0,1,85.4,0.2,4.4,3.4,5.6
Germany,DEU,1904,0,0,1,85.8,0.2,4.2,3.3,5.5
Germany,DEU,1905,0,0,1,86.1,0.2,4,3.3,5.4
Germany,DEU,1906,0,0,0.9,87.4,0.2,3.6,3,4.9
Germany,DEU,1907,0,0,0.9,88,0.2,3.3,2.9,4.7
Germany,DEU,1908,0,0,0.9,88.1,0.2,3.2,2.9,4.7
Germany,DEU,1909,0,0,0.9,88,0.2,3.2,2.9,4.8
Germany,DEU,1910,0,0,0.9,88,0.2,3.1,3,4.8
Germany,DEU,1911,0,0,0.8,88.3,0.2,3,2.9,4.7
Germany,DEU,1912,0,0,0.9,88.9,0.2,2.8,2.8,4.5
Germany,DEU,1913,0,0,0.8,89.5,0.1,2.7,2.7,4.3
Germany,DEU,1914,0,0,0.1,89.9,0.1,2.9,2.4,4.5
Germany,DEU,1915,0,0,0.1,89.3,0.1,3.1,2.6,4.8
Germany,DEU,1916,0,0,0.1,90.1,0.1,2.9,2.4,4.4
Germany,DEU,1917,0,0,0.1,90.5,0.1,2.8,2.3,4.2
Germany,DEU,1918,0,0,0,90.2,0.1,3,2.4,4.3
Germany,DEU,1919,0,0,0,87.6,0.1,3.8,3,5.4
Germany,DEU,1920,0,0,0,88.4,0.1,3.6,2.9,5
Germany,DEU,1921,0,0,0,89.5,0.1,3.3,2.6,4.5
Germany,DEU,1922,0,0,0,90.4,0.1,3.1,2.4,4
Germany,DEU,1923,0,0,0.5,87,0.1,3.9,3.1,5.3
Germany,DEU,1924,0,0,0.6,90.1,0.1,2.9,2.4,4
Germany,DEU,1925,0.2,0,0.8,89.8,0.1,2.8,2.4,4
Germany,DEU,1926,0.2,0,1.1,89,0,2.9,2.5,4.3
Germany,DEU,1927,0.2,0,1.1,89.6,0,2.6,2.4,4.1
Germany,DEU,1928,0.2,0,1.2,90.4,0,2.3,2.1,3.8
Germany,DEU,1929,0.2,0,1.4,90.7,0,2.1,2,3.6
Germany,DEU,1930,0.2,0,2.1,89.2,0,2.3,2.2,4.1
Germany,DEU,1931,0.3,0,2.2,87.7,0,2.6,2.5,4.8
Germany,DEU,1932,0.3,0,2,87,0,2.8,2.7,5.3
Germany,DEU,1933,0.3,0,2.1,87.3,0,2.5,2.6,5.1
Germany,DEU,1934,0.3,0,2.4,88.1,0,2.2,2.3,4.7
Germany,DEU,1935,0.4,0,3.3,86.9,0,2.2,2.4,4.8
Germany,DEU,1936,0.4,0,3.3,87.7,0,1.9,2.2,4.5
Germany,DEU,1937,0.4,0,0.3,91.5,0,1.7,2,4.1
Germany,DEU,1938,0.4,0,0.3,92.1,0,1.5,1.7,4
Germany,DEU,1939,0.4,0,0.4,92.3,0,1.5,1.6,3.8
Germany,DEU,1940,0.4,0,0.6,92.4,0,1.4,1.6,3.7
Germany,DEU,1941,0.4,0,0.5,92.1,0,1.5,1.7,3.8
Germany,DEU,1942,0.4,0,0.4,92.5,0,1.4,1.6,3.7
Germany,DEU,1943,0.4,0,0.4,92.2,0,1.4,1.7,3.8
Germany,DEU,1944,0.5,0,0.5,91,0,1.7,2,4.3
Germany,DEU,1945,1.1,0.1,0.8,81.5,0,3.5,3.9,9
Germany,DEU,1946,0.9,0.1,0.7,85.7,0,2.8,2.8,7
Germany,DEU,1947,0.8,0.1,0.6,87.8,0,2.5,2.1,6.2
Germany,DEU,1948,0.7,0.1,2.7,87.2,0,2.1,1.8,5.4
Germany,DEU,1949,0.6,0,1.5,89.5,0,1.9,1.6,4.9
Germany,DEU,1950,0.6,0.1,2.2,89.4,0,1.7,1.4,4.5
Germany,DEU,1951,0.6,0,3.3,89.3,0,1.5,1.2,4.1
Germany,DEU,1952,0.6,0,3.4,89.5,0,1.5,1.1,3.9
Germany,DEU,1953,0.5,0.1,4.1,88.9,0,1.5,1,3.9
Germany,DEU,1954,0.6,0.1,5,88.2,0,1.4,1,3.8
Germany,DEU,1955,0.6,0.1,5.8,87.9,0,1.3,0.8,3.4
Germany,DEU,1956,0.6,0.2,7.1,86.9,0,1.2,0.7,3.3
Germany,DEU,1957,0.5,0.3,7.9,86.2,0,1.2,0.7,3.2
Germany,DEU,1958,0.6,0.3,9.8,84.3,0,1.2,0.6,3.2
Germany,DEU,1959,0.6,0.3,13,81,0,1.2,0.6,3.4
Germany,DEU,1960,0.7,0.4,14.6,79.2,0,1.2,0.5,3.4
Germany,DEU,1961,0.7,0.4,17.5,76.5,0,1.2,0.4,3.3
Germany,DEU,1962,0.6,0.5,20.2,74.1,0,1.1,0.3,3.2
Germany,DEU,1963,0.5,0.6,23.2,71.4,0,1.1,0.3,3
Germany,DEU,1964,0.4,0.8,26.2,68.3,0,1,0.2,2.9
Germany,DEU,1965,0.7,1.1,30.1,64,0,1,0.2,2.9
Germany,DEU,1966,0.8,1.4,33.2,60.4,0,1,0.2,2.9
Germany,DEU,1967,0.9,1.9,35,58,0,1,0.2,2.9
Germany,DEU,1968,0.8,2.9,36.5,55.8,0,1,0.2,2.8
Germany,DEU,1969,0.8,3.8,38.1,53.7,0,0.9,0.2,2.6
Germany,DEU,1970,0.9,4,42.5,49,0,0.9,0.2,2.5
Germany,DEU,1971,0.8,5.5,43.8,46.5,0,0.8,0.1,2.5
Germany,DEU,1972,1,6.9,44.9,43.8,0,0.9,0.1,2.4
Germany,DEU,1973,1,8.5,45.2,42,0,0.8,0.1,2.3
Germany,DEU,1974,1.1,10.9,41.8,42.7,0,1.1,0.1,2.4
Germany,DEU,1975,1.4,12.1,42.1,40.7,0,1.1,0.1,2.5
Germany,DEU,1976,1.2,11.9,43.3,40.1,0,1,0.1,2.3
Germany,DEU,1977,1.7,12.5,43.4,38.8,0,1.1,0.1,2.3
Germany,DEU,1978,1.7,13.3,43.1,38.5,0,1,0.1,2.2
Germany,DEU,1979,1.8,13.9,41.7,39.2,0,1,0.1,2.1
Germany,DEU,1980,2.1,14.5,38.2,41.6,0,1.3,0.1,2.2
Germany,DEU,1981,2.6,14.3,35.4,43.9,0,1.4,0.1,2.3
Germany,DEU,1982,2.9,13.8,34.3,44.9,0,1.6,0.1,2.4
Germany,DEU,1983,3,14.3,33.6,44.9,0,1.6,0.1,2.4
Germany,DEU,1984,3.5,14.6,32.5,45.3,0,1.6,0.1,2.3
Germany,DEU,1985,4.3,14.2,32.6,44.8,0,1.6,0.1,2.3
Germany,DEU,1986,4.2,14.6,34.5,43.1,0,1.3,0.1,2.3
Germany,DEU,1987,4.5,15.9,33.6,42.4,0,1.2,0.1,2.3
Germany,DEU,1988,4.8,15.6,33.7,42.1,0,1.4,0.1,2.3
Germany,DEU,1989,5,16.5,31.9,42.7,0,1.4,0.1,2.4
Germany,DEU,1990,4.7,16.8,33.8,40.7,0,1.5,0.1,2.4
Germany,DEU,1991,4.5,18.2,36.2,36.9,0,1.5,0.1,2.5
Germany,DEU,1992,4.9,18.4,37.7,34.6,0,1.7,0.1,2.5
Germany,DEU,1993,5,19.5,38.4,32.7,0,1.7,0.1,2.6
Germany,DEU,1994,5.1,20.1,38.2,32.1,0,1.7,0.1,2.6
Germany,DEU,1995,5.3,21.9,37.9,30.5,0.1,1.8,0.1,2.6
Germany,DEU,1996,5,23.6,37.8,29.1,0.1,1.8,0.1,2.5
Germany,DEU,1997,5.4,22.9,38.3,28.4,0.1,2.3,0.1,2.6
Germany,DEU,1998,5.2,23.2,38.4,27.8,0.1,2.5,0.1,2.6
Germany,DEU,1999,5.8,23.7,38.1,27.3,0.1,2.4,0.1,2.6
Germany,DEU,2000,6,23.5,36.6,28.5,0.1,2.6,0.1,2.6
Germany,DEU,2001,5.9,24,36.4,28.1,0.1,2.9,0.1,2.5
Germany,DEU,2002,6.2,24.5,35.4,28,0.1,3.1,0.1,2.6
Germany,DEU,2003,5.7,25.5,34.3,28.1,0.1,3.6,0.1,2.6
Germany,DEU,2004,6,25.2,33.6,28.3,0.1,4,0.1,2.6
Germany,DEU,2005,6,26.2,33.5,27.1,0.1,4.3,0.1,2.6
Germany,DEU,2006,5.8,25.6,33.3,27.1,0.1,5.3,0.1,2.6
Germany,DEU,2007,5.6,25.7,28.2,29.7,0.2,7.8,0.1,2.7
Germany,DEU,2008,5.8,25.5,30.5,27.5,0.2,7.8,0.1,2.7
Italy,ITA,1861,0,0,0,7.5,1,51.3,18.8,21.4
Italy,ITA,1862,0,0,0,6.8,1,52.3,18.1,21.8
Italy,ITA,1863,0,0,0,6.7,1,52.4,17.5,22.3
Italy,ITA,1864,0,0,0,6.4,1,52.4,17,23.2
Italy,ITA,1865,0,0,0,6.7,1,53,16.8,22.4
Italy,ITA,1866,0,0,0.2,6.5,1,54,17,21.3
Italy,ITA,1867,0,0,0.2,7.1,1.1,51.3,17.9,22.3
Italy,ITA,1868,0,0,0.5,7,1,51.1,17.9,22.5
Italy,ITA,1869,0,0,0.2,6.9,1,50.5,18.2,23.1
Italy,ITA,1870,0,0,0.4,7,1,49.9,18.8,22.8
Italy,ITA,1871,0,0,0.4,5.8,1,50.9,18.8,23
Italy,ITA,1872,0,0,0.4,7,1,48.8,19.4,23.3
Italy,ITA,1873,0,0,0.4,6.8,1,48.9,19.7,23.2
Italy,ITA,1874,0,0,0.4,7.2,1,48.9,19.5,22.9
Italy,ITA,1875,0,0,0.4,7.2,1,49.4,19,22.9
Italy,ITA,1876,0,0,0.4,9.2,1,48.6,18.6,22.2
Italy,ITA,1877,0,0,0.4,8.6,1,48.1,19.1,22.6
Italy,ITA,1878,0,0,0.4,8.8,1,47.2,19.3,23.2
Italy,ITA,1879,0,0,0.6,9.8,1,47.1,18.5,23
Italy,ITA,1880,0,0,0.6,10.8,1,46.8,18.4,22.4
Italy,ITA,1881,0,0,0.6,12.4,0.9,45.5,18.4,22.2
Italy,ITA,1882,0,0,0.6,13.4,0.9,44.3,18.6,22.2
Italy,ITA,1883,0,0,0.6,14,0.9,43.9,18.6,22
Italy,ITA,1884,0,0,0.5,15.2,0.9,42.9,18.7,21.7
Italy,ITA,1885,0,0,0.7,16.8,0.9,41.5,18.5,21.7
Italy,ITA,1886,0,0,0.5,16.7,0.9,40.9,18.8,22.2
Italy,ITA,1887,0,0,0.5,19.6,0.8,39.1,18.1,21.8
Italy,ITA,1888,0,0,0.5,20.8,0.8,38.7,17.9,21.3
Italy,ITA,1889,0,0,0.5,21.4,0.7,38,17.9,21.5
Italy,ITA,1890,0,0,0.5,23.1,0.7,37.2,17.4,21.2
Italy,ITA,1891,0,0,0.5,21.5,0.7,37.8,18.1,21.5
Italy,ITA,1892,0,0,0.5,21.1,0.6,37.9,17.9,22
Italy,ITA,1893,0,0,0.5,20.7,0.6,37.2,18.3,22.6
Italy,ITA,1894,0,0,0.5,24.5,0.6,35.6,17.5,21.3
Italy,ITA,1895,0,0,0.5,22.9,0.5,35.7,18.1,22.2
Italy,ITA,1896,0,0,0.5,22,0.5,35.7,18.3,23
Italy,ITA,1897,0,0,0.5,22.9,0.5,35.3,18.6,22.2
Italy,ITA,1898,0,0,0.5,23.4,0.5,34.4,18.3,22.9
Italy,ITA,1899,0.1,0,0.5,25.2,0.5,33.4,18,22.5
Italy,ITA,1900,0.1,0,0.5,25.7,0.5,33.1,17.9,22.2
Italy,ITA,1901,0.1,0,0.5,24.9,0.4,33.3,17.9,23
Italy,ITA,1902,0.1,0,0.5,27.2,0.4,31.2,17.6,23
Italy,ITA,1903,0.2,0,0.5,27.8,0.4,30,17.7,23.3
Italy,ITA,1904,0.2,0,0.5,29.3,0.4,29,17.9,22.8
Italy,ITA,1905,0.2,0,0.5,31.1,0.4,27.4,17.6,22.9
Italy,ITA,1906,0.3,0,0.4,34.8,0.3,25.2,17,21.9
Italy,ITA,1907,0.4,0,0.5,36.7,0.3,24.4,17,20.7
Italy,ITA,1908,0.5,0,0.7,36.7,0.3,24.5,17.1,20.2
Italy,ITA,1909,0.5,0,0.8,38.4,0.3,23.7,16.8,19.5
Italy,ITA,1910,0.6,0,0.8,38,0.3,23.3,16.9,20.3
Italy,ITA,1911,0.7,0,1,38.6,0.3,22.6,16.8,20
Italy,ITA,1912,0.8,0,1.1,39.3,0.3,21.8,16.6,20
Italy,ITA,1913,0.8,0,1.2,40.6,0.3,21.2,16.1,19.8
Italy,ITA,1914,1,0,1.1,37.9,0.3,23.7,16.7,19.3
Italy,ITA,1915,1.1,0,1.2,32.9,0.3,29.2,16.1,19.1
Italy,ITA,1916,1.4,0,1.5,32.8,0.3,29.1,15.8,19.2
Italy,ITA,1917,1.9,0,1.8,24.8,0.3,32.7,17.5,21
Italy,ITA,1918,1.9,0,2.1,27.3,0.3,30.7,16.8,21
Italy,ITA,1919,1.8,0,1.7,26.5,0.2,30.6,16.9,22.3
Italy,ITA,1920,2.3,0,1.9,26.5,0.3,30.2,18.5,20.3
Italy,ITA,1921,1.9,0,1.6,29.5,0.2,28.1,18,20.4
Italy,ITA,1922,1.9,0,1.9,32.3,0.2,26.7,17.4,19.5
Italy,ITA,1923,2.2,0,2.3,32.4,0.2,26.6,16.8,19.5
Italy,ITA,1924,2.4,0,2.8,37.2,0.2,24,15.5,17.9
Italy,ITA,1925,2.7,0,3.1,35.3,0.2,24.4,15.4,18.9
Italy,ITA,1926,3,0,3.1,38.3,0.2,22.9,14.2,18.4
Italy,ITA,1927,3,0,3.3,41.4,0.1,21.6,13.2,17.3
Italy,ITA,1928,3.5,0,3.8,39.3,0.2,21.8,13.7,17.7
Italy,ITA,1929,3.5,0,4.4,42.3,0.1,20.2,12.4,17.1
Italy,ITA,1930,3.7,0,5.8,39.8,0.2,19.8,12.8,17.8
Italy,ITA,1931,4,0,6.3,37,0.2,20.4,13.8,18.3
Italy,ITA,1932,4.4,0.1,7,32,0.2,21.5,14.9,20
Italy,ITA,1933,4.7,0.1,7.7,33.5,0.2,19.9,14.1,19.9
Italy,ITA,1934,4.6,0.1,7.4,40.4,0.2,17.9,12.6,16.9
Italy,ITA,1935,4.7,0,7.4,43.6,0.1,16.6,11.6,16
Italy,ITA,1936,5.5,0,8.1,34.9,0.2,18.4,13.6,19.3
Italy,ITA,1937,5.2,0,9.3,40.4,0.1,16.4,11.2,17.3
Italy,ITA,1938,5.1,0.1,9.6,38.9,0.1,17.3,11.4,17.5
Italy,ITA,1939,6,0.1,10.2,37.6,0.1,17.5,11.3,17.2
Italy,ITA,1940,5.9,0.1,6.2,43,0.1,17.4,11.3,15.9
Italy,ITA,1941,6.6,0.1,2.4,38.8,0.1,24.5,11.5,16
Italy,ITA,1942,6.3,0.2,2.5,36.4,0.1,28.6,11.2,14.7
Italy,ITA,1943,6.8,0.2,2.2,32.4,0.1,30.4,12,15.8
Italy,ITA,1944,7.9,0.3,0.2,20.6,0.2,32.4,16.5,21.9
Italy,ITA,1945,8,0.3,0.2,18.4,0.2,33.4,17.3,22.2
Italy,ITA,1946,8,0.3,6.2,27.3,0.2,28.3,13.1,16.7
Italy,ITA,1947,7,0.3,14.5,30.7,0.1,21.2,11.1,15.1
Italy,ITA,1948,7.7,0.4,12.5,29.6,0.1,20.2,12.6,16.8
Italy,ITA,1949,6.2,0.8,16.3,30.1,0.1,17.9,12.3,16.3
Italy,ITA,1950,7.3,1.5,18.9,27.7,0.1,16.9,11.9,15.7
Italy,ITA,1951,8,2.6,22.8,27.7,0.1,15.3,10.3,13.3
Italy,ITA,1952,8.1,3.8,24.6,25.2,0,15,9.7,13.5
Italy,ITA,1953,7.8,5.7,27,23.5,0,14,8.8,13.1
Italy,ITA,1954,7.4,6.9,30,23,0,12.8,7.8,12.1
Italy,ITA,1955,7.6,8,30.6,22.5,0,12.3,7.1,11.8
Italy,ITA,1956,7.6,9.7,30.3,22,0,12.1,6.5,11.8
Italy,ITA,1957,7.1,9.9,33.6,21.7,0,11.1,5.7,10.9
Italy,ITA,1958,8.3,10.7,34.1,18.1,0,11.5,5.7,11.5
Italy,ITA,1959,7.8,11,39.5,16.6,0,10.1,4.8,10.2
Italy,ITA,1960,8.5,10.8,40.5,16.7,0,9.3,4.3,9.9
Italy,ITA,1961,7.1,10.5,44.8,16.2,0,8.5,3.7,9.3
Italy,ITA,1962,6.2,9.8,49,15.6,0,7.6,3.2,8.6
Italy,ITA,1963,6.6,9.1,52.2,14.2,0,7,2.8,8.1
Italy,ITA,1964,5.5,8.9,57.1,11.8,0,6.5,2.6,7.7
Italy,ITA,1965,5.6,8.6,57.7,12.8,0,6,2.1,7.2
Italy,ITA,1966,5.6,8.8,59.4,11.5,0,5.8,1.8,7.1
Italy,ITA,1967,5.1,8.9,60.5,11.8,0,5.3,1.5,6.8
Italy,ITA,1968,4.7,9.4,63.4,10.2,0,4.8,1.3,6.3
Italy,ITA,1969,4.2,9.7,64.5,10,0,4.5,1.1,6
Italy,ITA,1970,3.9,9.5,67.5,8.7,0,4,0.9,5.6
Italy,ITA,1971,3.8,10,66.8,8.6,0,4.1,0.8,5.9
Italy,ITA,1972,3.6,10.9,66.7,8.5,0,3.9,0.7,5.6
Italy,ITA,1973,3.2,11.6,67.4,8.3,0,3.6,0.6,5.4
Italy,ITA,1974,3.3,12.8,65.7,8.7,0,3.6,0.5,5.4
Italy,ITA,1975,3.6,15.1,63.4,8.1,0,3.7,0.5,5.6
Italy,ITA,1976,3.2,17.1,62.6,7.9,0,3.5,0.4,5.3
Italy,ITA,1977,4.2,17.1,61.4,7.9,0,3.5,0.4,5.4
Italy,ITA,1978,3.8,15.8,63.4,7.8,0,3.5,0.3,5.4
Italy,ITA,1979,3.8,15.4,63.5,8.5,0,3.4,0.3,5.2
Italy,ITA,1980,3.8,15.5,62.4,9.4,0,3.4,0.2,5.2
Italy,ITA,1981,4,15.5,61.2,10.4,0,3.4,0.2,5.3
Italy,ITA,1982,4.1,15.9,59.7,11.1,0,3.5,0.2,5.4
Italy,ITA,1983,4.3,16.5,59.5,10.4,0,3.5,0.2,5.5
Italy,ITA,1984,5.1,19.1,55.1,11.7,0,3.5,0.1,5.4
Italy,ITA,1985,5.1,19.3,54.5,12.3,0,3.4,0,5.4
Italy,ITA,1986,5.1,20.3,54.3,11.6,0,3.4,0,5.4
Italy,ITA,1987,4.3,21.9,53.9,11.5,0,3.2,0,5.2
Italy,ITA,1988,4.8,22.9,53.4,10.8,0,3.2,0,5.1
Italy,ITA,1989,4.4,23.8,53.6,10.2,0.1,3,0,4.9
Italy,ITA,1990,4.3,25.3,51.7,10.7,0.1,3,0,4.9
Italy,ITA,1991,4.8,26.3,51.3,10,0.1,2.9,0,4.6
Italy,ITA,1992,4.8,26.4,52,9,0.1,2.9,0,4.7
Italy,ITA,1993,5,27.3,51.9,8,0.1,2.9,0,4.7
Italy,ITA,1994,5.2,27,52.2,7.6,0.1,3,0,4.8
Italy,ITA,1995,4.5,27.5,53.1,7.6,0.1,2.8,0,4.5
Italy,ITA,1996,4.8,28.5,52.3,7,0.1,2.8,0,4.5
Italy,ITA,1997,4.8,29.1,51.8,7,0.1,2.8,0,4.5
Italy,ITA,1998,4.8,30.5,50.5,7,0.1,2.7,0,4.3
Italy,ITA,1999,5.1,32.6,48.4,6.9,0.1,2.6,0,4.3
Italy,ITA,2000,5.1,33.3,47.5,7.2,0.1,2.6,0,4.2
Italy,ITA,2001,5.1,33.6,46.6,7.8,0.1,2.6,0,4.2
Italy,ITA,2002,4.9,33.4,46.8,8,0.1,2.6,0,4.2
Italy,ITA,2003,4.6,35.5,44.9,8.3,0.1,2.5,0,4.1
Italy,ITA,2004,4.6,36.7,42.7,9.3,0.1,2.5,0,4.1
Italy,ITA,2005,4.5,38.8,41.1,9.1,0.1,2.4,0,4
Italy,ITA,2006,4.4,38.5,40.8,9.3,0.1,2.7,0,4.1
Italy,ITA,2007,4.4,39.7,39.3,9.6,0.2,2.7,0,4.2
Italy,ITA,2008,4.7,40.4,37.9,9.5,0.2,3.1,0,4.2
Netherlands,NLD,1800,0,0,0,9.4,18.8,38.2,15.4,18.2
Netherlands,NLD,1801,0,0,0,9.7,18.6,38.2,15.4,18.2
Netherlands,NLD,1802,0,0,0,10,18.5,38.1,15.3,18.1
Netherlands,NLD,1803,0,0,0,7.5,18.9,39.3,15.7,18.5
Netherlands,NLD,1804,0,0,0,8.3,18.6,39.1,15.6,18.4
Netherlands,NLD,1805,0,0,0,8.4,18.4,39.2,15.6,18.4
Netherlands,NLD,1806,0,0,0,8.8,18.2,39.2,15.6,18.3
Netherlands,NLD,1807,0,0,0,7.1,18.3,40,15.9,18.6
Netherlands,NLD,1808,0,0,0,5.8,18.5,40.7,16.1,18.8
Netherlands,NLD,1809,0,0,0,5.7,18.3,41,16.2,18.8
Netherlands,NLD,1810,0,0,0,5,18.3,41.4,16.3,18.9
Netherlands,NLD,1811,0,0,0,4.8,18.3,41.6,16.4,18.9
Netherlands,NLD,1812,0,0,0,4.7,18.2,41.8,16.4,18.9
Netherlands,NLD,1813,0,0,0,5.2,18,41.8,16,18.8
Netherlands,NLD,1814,0,0,0,5.2,17.9,42.2,15.8,18.9
Netherlands,NLD,1815,0,0,0,5.5,17.7,42.3,15.5,19
Netherlands,NLD,1816,0,0,0,5.1,17.7,42.8,15.2,19.2
Netherlands,NLD,1817,0,0,0,7.1,17.3,42.1,14.7,18.9
Netherlands,NLD,1818,0,0,0,7.8,17.2,42.3,13.8,18.9
Netherlands,NLD,1819,0,0,0,7.8,16.9,42,14.6,18.7
Netherlands,NLD,1820,0,0,0,8.1,16.6,41.6,15.4,18.4
Netherlands,NLD,1821,0,0,0,8.3,16.4,41.8,15,18.5
Netherlands,NLD,1822,0,0,0,8.1,16.3,42.2,14.7,18.7
Netherlands,NLD,1823,0,0,0,8.2,16.2,42.3,14.6,18.8
Netherlands,NLD,1824,0,0,0,9.6,15.8,41.8,14.3,18.6
Netherlands,NLD,1825,0,0,0,11.1,15.3,41.3,13.9,18.4
Netherlands,NLD,1826,0,0,0,11.6,15.2,41.3,13.6,18.4
Netherlands,NLD,1827,0,0,0,12,14.9,41.3,13.5,18.3
Netherlands,NLD,1828,0,0,0,13,14.6,41,13.3,18.1
Netherlands,NLD,1829,0,0,0,12.4,14.6,41.4,13.3,18.3
Netherlands,NLD,1830,0,0,0,12.9,14.4,41,13.5,18.2
Netherlands,NLD,1831,0,0,0,10.3,14.8,42.3,13.9,18.8
Netherlands,NLD,1832,0,0,0,13.5,14.4,40.2,13.6,18.3
Netherlands,NLD,1833,0,0,0,12.2,14.5,41,13.8,18.6
Netherlands,NLD,1834,0,0,0,10.4,14.7,41.9,14.1,18.9
Netherlands,NLD,1835,0,0,0,11.6,14.2,42.1,13.6,18.4
Netherlands,NLD,1836,0,0,0,12.1,13.9,42.7,13.3,18
Netherlands,NLD,1837,0,0,0,13.2,13.4,43.1,12.9,17.5
Netherlands,NLD,1838,0,0,0,14.3,12.6,43.9,12.3,16.8
Netherlands,NLD,1839,0,0,0,13.5,12.5,44.9,12.2,16.8
Netherlands,NLD,1840,0,0,0,15.4,12,44.4,11.8,16.4
Netherlands,NLD,1841,0,0,0,14.6,12.6,43.3,12.4,17.2
Netherlands,NLD,1842,0,0,0,14.1,12.5,43.6,12.4,17.3
Netherlands,NLD,1843,0,0,0,15.1,12.4,42.8,12.4,17.3
Netherlands,NLD,1844,0,0,0,14.1,12.6,42.9,12.7,17.7
Netherlands,NLD,1845,0,0,0,19.2,12,39.7,12.1,17
Netherlands,NLD,1846,0,0,0,14.4,12,44.4,12.2,17
Netherlands,NLD,1847,0,0,0,17.9,11.6,42,12,16.5
Netherlands,NLD,1848,0,0,0,17.5,12,41.1,12.4,16.9
Netherlands,NLD,1849,0,0,0,17.5,12,40.9,12.6,17
Netherlands,NLD,1850,0,0,0,18.6,11.7,41.1,12.2,16.4
Netherlands,NLD,1851,0,0,0,17,11.4,43.4,12,16.1
Netherlands,NLD,1852,0,0,0,18.7,11.2,42.1,12.1,15.8
Netherlands,NLD,1853,0,0,0,18.6,11.6,41.1,12.3,16.5
Netherlands,NLD,1854,0,0,0,20.9,11.3,40.4,11.7,15.7
Netherlands,NLD,1855,0,0,0,23,11.3,38.6,11.5,15.6
Netherlands,NLD,1856,0,0,0,20.9,10.7,42.6,10.9,14.8
Netherlands,NLD,1857,0,0,0,20.8,10.9,42.3,11.1,15
Netherlands,NLD,1858,0,0,0,23,10.9,40.1,11,15.1
Netherlands,NLD,1859,0,0,0,24,10.9,39,11.2,15
Netherlands,NLD,1860,0,0,0,28.2,10.4,36.2,10.9,14.3
Netherlands,NLD,1861,0,0,0,25.2,10.5,38.4,11.3,14.6
Netherlands,NLD,1862,0,0,0,24.2,10.3,40.2,11.1,14.2
Netherlands,NLD,1863,0,0,0,23.6,10.3,40.6,11.2,14.2
Netherlands,NLD,1864,0,0,0.2,33.3,9.3,34.2,10.1,12.9
Netherlands,NLD,1865,0,0,0.2,36.4,8.9,32.5,9.6,12.4
Netherlands,NLD,1866,0,0,0.2,37.8,8.7,31.6,9.4,12.2
Netherlands,NLD,1867,0,0,0.4,37.7,8.8,31.4,9.4,12.2
Netherlands,NLD,1868,0,0,0.5,37.8,8.5,32.1,9.1,11.9
Netherlands,NLD,1869,0,0,0.5,38.5,8.4,31.7,9,11.9
Netherlands,NLD,1870,0,0,0.5,41.2,8,30.3,8.6,11.5
Netherlands,NLD,1871,0,0,0.6,42.1,7.8,29.7,8.4,11.3
Netherlands,NLD,1872,0,0,0.6,43.1,7.6,29.2,8.2,11.2
Netherlands,NLD,1873,0,0,0.8,41.2,7.6,30.7,8.4,11.3
Netherlands,NLD,1874,0,0,0.9,39.3,7.6,31.6,8.8,11.8
Netherlands,NLD,1875,0,0,1,42.4,7.2,29.7,8.4,11.3
Netherlands,NLD,1876,0,0,0.9,45.6,6.7,27.8,8.2,10.8
Netherlands,NLD,1877,0,0,1,45.8,6.6,27.4,8.3,10.9
Netherlands,NLD,1878,0,0,1.1,49,6.6,23.8,8.4,11
Netherlands,NLD,1879,0,0,1.2,50.9,6.2,22.8,8.2,10.8
Netherlands,NLD,1880,0,0,1.3,53.4,5.7,21.4,7.8,10.4
Netherlands,NLD,1881,0,0,1.4,54.4,5.5,20.9,7.5,10.3
Netherlands,NLD,1882,0,0,1.5,55.1,5.3,20.4,7.4,10.3
Netherlands,NLD,1883,0,0,1.6,58.4,5.1,17.6,7.1,10.1
Netherlands,NLD,1884,0,0,1.9,57.3,5.2,17.9,7.3,10.4
Netherlands,NLD,1885,0,0,1.9,57.3,5.2,17.7,7.4,10.5
Netherlands,NLD,1886,0,0,2.1,58.4,5,17,7.2,10.3
Netherlands,NLD,1887,0,0,0.9,59.7,4.9,16.8,7.2,10.4
Netherlands,NLD,1888,0,0,2,61.5,4.4,15.5,6.7,9.8
Netherlands,NLD,1889,0,0,2.3,60.8,4.5,15.6,6.9,10.1
Netherlands,NLD,1890,0,0,2.4,60,4.5,15.7,7,10.4
Netherlands,NLD,1891,0,0,2.6,60.5,4.4,15.3,6.9,10.3
Netherlands,NLD,1892,0,0,2.7,60.6,4.1,16.1,6.5,10
Netherlands,NLD,1893,0,0,2.9,62.1,4.1,14.2,6.5,10.2
Netherlands,NLD,1894,0,0,3.1,62.1,4,14.1,6.4,10.2
Netherlands,NLD,1895,0,0,3.3,62.6,3.9,13.5,6.4,10.3
Netherlands,NLD,1896,0,0,3.2,63.7,3.7,13.3,6.2,9.9
Netherlands,NLD,1897,0,0,3.2,64.8,3.5,13,6,9.5
Netherlands,NLD,1898,0,0,3.4,63.2,3.5,13.8,6.2,9.8
Netherlands,NLD,1899,0,0,3.3,62.8,3.3,14.8,6.2,9.7
Netherlands,NLD,1900,0,0,3.2,66.6,3.1,11.8,6.1,9.3
Netherlands,NLD,1901,0,0,3.5,67.3,3.1,10,6.4,9.7
Netherlands,NLD,1902,0,0,3.7,66.9,3.2,9.6,6.6,10
Netherlands,NLD,1903,0,0,3.6,68.3,2.9,9.4,6.1,9.6
Netherlands,NLD,1904,0,0,3.2,70,2.7,8.9,5.8,9.3
Netherlands,NLD,1905,0,0,3.2,70.2,2.7,8.9,5.8,9.2
Netherlands,NLD,1906,0,0,3.1,71.8,2.5,8.3,5.6,8.8
Netherlands,NLD,1907,0,0,3,72.5,2.4,8,5.5,8.7
Netherlands,NLD,1908,0,0,2.9,72.8,2.3,7.9,5.5,8.6
Netherlands,NLD,1909,0,0,2.8,73.8,2.2,7.5,5.4,8.4
Netherlands,NLD,1910,0,0,2.7,75.1,2.1,6.3,5.4,8.4
Netherlands,NLD,1911,0,0,2.6,75.1,1.9,7.1,5.2,8
Netherlands,NLD,1912,0,0,2.3,74.6,1.7,9.5,4.7,7.2
Netherlands,NLD,1913,0,0,1.9,82,1.5,3.8,4.3,6.5
Netherlands,NLD,1914,0,0,2.3,78.4,1.6,5.1,5,7.6
Netherlands,NLD,1915,0,0,2.3,78.8,1.5,5,5,7.5
Netherlands,NLD,1916,0,0,2.4,76.6,1.4,6.1,5.4,8
Netherlands,NLD,1917,0,0,1.7,68.1,1.8,10.8,7.1,10.6
Netherlands,NLD,1918,0,0,0,66.8,1.8,11.6,8,11.8
Netherlands,NLD,1919,0,0,4.6,70.9,1.3,8.6,5.7,8.9
Netherlands,NLD,1920,0,0,6,70.1,1.2,8.2,5.6,8.9
Netherlands,NLD,1921,0,0,6,74.1,1.1,4.2,5.6,8.9
Netherlands,NLD,1922,0,0,6.3,76.3,0.9,3.7,4.8,7.9
Netherlands,NLD,1923,0,0,7.5,75.3,0.9,3.6,4.7,8
Netherlands,NLD,1924,0,0,7.2,77.1,0.7,3.3,4.2,7.4
Netherlands,NLD,1925,0,0,6.5,78.4,0.7,3.2,3.9,7.2
Netherlands,NLD,1926,0,0,7.3,77.9,0.6,3.2,3.8,7.2
Netherlands,NLD,1927,0,0,8,78.6,0.5,2.8,3.3,6.6
Netherlands,NLD,1928,0,0,7.6,79.5,0.5,2.8,3.2,6.5
Netherlands,NLD,1929,0,0,7.8,80.3,0.4,2.5,2.9,6.1
Netherlands,NLD,1930,0,0,7.8,80.1,0.4,2.6,2.8,6.3
Netherlands,NLD,1931,0,0,9,78.8,0.4,2.6,2.8,6.4
Netherlands,NLD,1932,0,0,7.9,79.5,0.4,2.7,2.8,6.8
Netherlands,NLD,1933,0,0,8.4,79.2,0.3,2.6,2.7,6.8
Netherlands,NLD,1934,0,0,8.8,79,0.3,2.6,2.6,6.8
Netherlands,NLD,1935,0,0,10.8,76.4,0.3,2.6,2.9,7
Netherlands,NLD,1936,0,0,11.8,75.7,0.3,2.5,2.8,6.9
Netherlands,NLD,1937,0,0,12.4,76,0.2,2.3,2.6,6.3
Netherlands,NLD,1938,0,0,14.1,74,0.2,2.4,2.8,6.5
Netherlands,NLD,1939,0,0,15.8,73,0.2,2.3,2.7,6
Netherlands,NLD,1940,0,0,6.8,78.3,0.2,3.2,3.5,7.9
Netherlands,NLD,1941,0,0,0.8,84,0.2,3,3.6,8.4
Netherlands,NLD,1942,0,0,0.7,83,0.2,3.5,3.9,8.7
Netherlands,NLD,1943,0,0,0.3,83.8,0.2,3.3,3.6,8.8
Netherlands,NLD,1944,0,0,0,78.2,0.3,4.3,4.9,12.3
Netherlands,NLD,1945,0.1,0,0.2,71.8,0.4,5.4,6.2,15.9
Netherlands,NLD,1946,0,0,16,69.8,0.2,2.5,3.2,8.3
Netherlands,NLD,1947,0,0,18.2,69.9,0.1,2,2.8,7
Netherlands,NLD,1948,0,0,25.8,63.2,0.1,2.2,2.3,6.3
Netherlands,NLD,1949,0,0,21.6,68,0.1,1.8,2.1,6.3
Netherlands,NLD,1950,0,0.3,15,74.8,0.1,1.2,2,6.5
Netherlands,NLD,1951,0.2,0.3,15.7,69.3,0.1,1.2,1.7,11.5
Netherlands,NLD,1952,0.1,0.3,16.2,68.7,0.1,1.4,1.7,11.5
Netherlands,NLD,1953,0,0.2,18.6,72,0.1,0.9,1.8,6.3
Netherlands,NLD,1954,0,0.5,19.5,71.2,0.1,1,1.7,6
Netherlands,NLD,1955,0.1,0.8,21.2,69.6,0.1,0.9,1.5,5.9
Netherlands,NLD,1956,0,0.8,25.4,66.4,0.1,0.7,1.2,5.3
Netherlands,NLD,1957,0,0.8,29.1,62.9,0.1,0.7,1.2,5.3
Netherlands,NLD,1958,0.1,1,31.8,59.3,0,1,1.2,5.6
Netherlands,NLD,1959,0,1.1,38.3,53,0,0.9,1.1,5.4
Netherlands,NLD,1960,0,1.5,40.8,50.5,0,0.9,1,5.2
Netherlands,NLD,1961,0,2.1,38.6,51.9,0,0.9,1,5.4
Netherlands,NLD,1962,0,2.1,42.4,49,0,0.6,0.8,5
Netherlands,NLD,1963,0,2.2,45.9,46.3,0,0.5,0.7,4.5
Netherlands,NLD,1964,0,2.8,49.8,41.9,0,0.5,0.6,4.4
Netherlands,NLD,1965,0,5.4,52.9,36.5,0,0.4,0.5,4.3
Netherlands,NLD,1966,-0.1,9.3,55.3,30.6,0,0.4,0.4,4
Netherlands,NLD,1967,-0.1,16.5,53.7,25.2,0,0.4,0.3,4
Netherlands,NLD,1968,-0.1,24,51,21,0,0.3,0.2,3.6
Netherlands,NLD,1969,0,33,45.5,17.6,0,0.3,0.2,3.4
Netherlands,NLD,1970,0,39.6,45,12.1,0,0.2,0.1,2.9
Netherlands,NLD,1971,-0.1,49.8,38.3,8.8,0,0.2,0.1,2.8
Netherlands,NLD,1972,-0.2,58.2,33.1,6.1,0,0.2,0.1,2.6
Netherlands,NLD,1973,0,60.6,31.8,4.9,0,0.1,0.1,2.5
Netherlands,NLD,1974,0.3,61.7,30.2,5.3,0,0.2,0.1,2.4
Netherlands,NLD,1975,0.5,71.2,20.1,5.3,0,0.2,0.1,2.7
Netherlands,NLD,1976,0.6,66.4,25.5,4.9,0,0.2,0,2.4
Netherlands,NLD,1977,0.7,66.4,24.8,5,0,0.7,0,2.4
Netherlands,NLD,1978,0.7,64.2,26.7,5.3,0,0.7,0,2.4
Netherlands,NLD,1979,0.5,57.2,33.7,5.8,0,0.6,0,2.1
Netherlands,NLD,1980,0.6,57.2,32.5,6.8,0,0.6,0,2.3
Netherlands,NLD,1981,0.6,60.7,26,9.4,0,0.6,0,2.6
Netherlands,NLD,1982,1.2,62.1,22.8,10.3,0,0.7,0,2.8
Netherlands,NLD,1983,1.4,64.1,22.4,8.6,0,0.7,0,2.7
Netherlands,NLD,1984,1.1,61.9,22.4,11.4,0,0.6,0,2.5
Netherlands,NLD,1985,1.4,65.4,17.8,11.7,0,1.1,0,2.5
Netherlands,NLD,1986,0.9,61.7,22.9,10.8,0,1.3,0,2.4
Netherlands,NLD,1987,1.1,65.1,17.8,12.1,0,1.5,0,2.4
Netherlands,NLD,1988,1.5,60,19.6,14.2,0,2.3,0,2.5
Netherlands,NLD,1989,1.4,60.4,19.9,13.9,0,2,0,2.5
Netherlands,NLD,1990,1.9,59,18.8,15.8,0,2,0,2.4
Netherlands,NLD,1991,1.8,61.6,18.3,14,0,2.1,0,2.3
Netherlands,NLD,1992,1.8,60.9,19.3,13.4,0,2.2,0,2.4
Netherlands,NLD,1993,2.1,63.4,15.7,13.9,0,2.4,0,2.4
Netherlands,NLD,1994,2,58.1,19.6,14.7,0,3.3,0,2.3
Netherlands,NLD,1995,2.2,59.8,16.7,15,0,4.1,0,2.3
Netherlands,NLD,1996,1.9,59.7,18.1,13.6,0,4.5,0,2.1
Netherlands,NLD,1997,2,57.5,17.5,16.3,0,4.6,0,2.2
Netherlands,NLD,1998,2.1,58.9,17.5,14,0,5.2,0,2.3
Netherlands,NLD,1999,3.1,59.7,16.5,12.1,0,6.2,0,2.3
Netherlands,NLD,2000,2.9,55.4,19.9,12.8,0,6.8,0,2.2
Netherlands,NLD,2001,2.7,55.2,20,13.1,0,6.9,0,2.1
Netherlands,NLD,2002,2.5,55,19.9,13,0,7.4,0,2.1
Netherlands,NLD,2003,2.6,54.2,20.6,13.3,0,7.2,0,2.1
Netherlands,NLD,2004,2.5,54.2,20.5,12.8,0,7.9,0,2.1
Netherlands,NLD,2005,2.8,52.3,21.1,12.1,0,9.5,0,2.1
Netherlands,NLD,2006,3.3,51.9,21,11.8,0,9.9,0,2.1
Netherlands,NLD,2007,3.1,51.5,20.2,12.9,0,10.1,0,2.2
Netherlands,NLD,2008,2.9,52.3,19.1,13,0,10.4,0,2.2
Portugal,PRT,1856,0,0,0,4.9,1.2,57.4,17.6,18.8
Portugal,PRT,1857,0,0,0,3.9,1.3,58,17.8,19
Portugal,PRT,1858,0,0,0,4.6,1.3,57.2,17.9,19.1
Portugal,PRT,1859,0,0,0,5.4,1.3,56.8,17.6,18.9
Portugal,PRT,1860,0,0,0,4.4,1.3,57.3,17.9,19.1
Portugal,PRT,1861,0,0,0,3.7,1.3,57.7,18,19.3
Portugal,PRT,1862,0,0,0,3.8,1.3,57.7,17.9,19.2
Portugal,PRT,1863,0,0,0,3.9,1.3,57.7,17.9,19.2
Portugal,PRT,1864,0,0,0,4,1.4,57.6,17.9,19.2
Portugal,PRT,1865,0,0,0,4.1,1.3,57.5,17.9,19.2
Portugal,PRT,1866,0,0,0.1,6.1,1.3,56.4,17.5,18.7
Portugal,PRT,1867,0,0,0.1,5.3,1.3,56.8,17.6,18.9
Portugal,PRT,1868,0,0,0.1,7.1,1.3,55.6,17.3,18.6
Portugal,PRT,1869,0,0,0.2,4.9,1.3,56.9,17.7,19
Portugal,PRT,1870,0,0,0.2,6.4,1.3,56,17.4,18.7
Portugal,PRT,1871,0,0,0.1,5.2,1.3,56.8,17.6,19
Portugal,PRT,1872,0,0,0.2,5.6,1.3,56.7,17.4,18.8
Portugal,PRT,1873,0,0,0.2,7.8,1.2,55.5,16.9,18.3
Portugal,PRT,1874,0,0,0.2,5.8,1.3,56.7,17.3,18.7
Portugal,PRT,1875,0,0,0.2,6.9,1.2,56.1,17,18.5
Portugal,PRT,1876,0,0,0.2,6.9,1.2,56,17.1,18.6
Portugal,PRT,1877,0,0,0.3,7.5,1.2,55.8,16.9,18.4
Portugal,PRT,1878,0,0,0.3,7.8,1.2,55.5,16.8,18.4
Portugal,PRT,1879,0,0,0.4,7.6,1.2,55.7,16.7,18.4
Portugal,PRT,1880,0,0,0.3,9.5,1.2,54.5,16.4,18.1
Portugal,PRT,1881,0,0,0.4,9.5,1.2,54.5,16.3,18.2
Portugal,PRT,1882,0,0,0.4,10.6,1.1,54,16,17.9
Portugal,PRT,1883,0,0,0.3,11.1,1.1,53.6,15.9,18
Portugal,PRT,1884,0,0,0.4,11.7,1.1,53.2,15.7,17.9
Portugal,PRT,1885,0,0,0.4,10.8,1.1,53.6,15.9,18.2
Portugal,PRT,1886,0,0,0.4,11.7,1.1,53.4,15.5,17.9
Portugal,PRT,1887,0,0,0.4,12.8,1.1,52.7,15.3,17.7
Portugal,PRT,1888,0,0,0.5,13.3,1.1,52.4,15.1,17.6
Portugal,PRT,1889,0,0,0.5,15.3,1.1,51.1,14.7,17.3
Portugal,PRT,1890,0,0,0.5,15.9,1.1,50.6,14.6,17.3
Portugal,PRT,1891,0,0,0.5,16.1,1.1,50.5,14.5,17.2
Portugal,PRT,1892,0,0,0.6,15.3,1.1,50.9,14.6,17.4
Portugal,PRT,1893,0,0,0.6,13.4,1.2,52.1,14.9,17.8
Portugal,PRT,1894,0,0,0.6,15.7,1.2,50.8,14.4,17.2
Portugal,PRT,1895,0,0,0.6,14.8,1.2,51.4,14.6,17.5
Portugal,PRT,1896,0,0,0.5,14.8,1.2,51.3,14.6,17.5
Portugal,PRT,1897,0,0,0.6,15,1.2,51.3,14.5,17.4
Portugal,PRT,1898,0,0,0.6,17,1.2,50.1,14.1,17
Portugal,PRT,1899,0,0,0.6,16.4,1.2,50.6,14.1,17.1
Portugal,PRT,1900,0,0,0.5,17.2,1.2,50.2,14,17
Portugal,PRT,1901,0,0,0.6,16.9,1.2,50.3,14,17
Portugal,PRT,1902,0,0,0.6,18.2,1.2,49.8,13.6,16.7
Portugal,PRT,1903,0,0,0.6,18.8,1.1,49.3,13.5,16.6
Portugal,PRT,1904,0,0,0.5,20.1,1.1,48.7,13.2,16.4
Portugal,PRT,1905,0,0,0.6,19.7,1,48.8,13.3,16.6
Portugal,PRT,1906,0,0,0.6,21.7,1,47.6,12.9,16.2
Portugal,PRT,1907,0,0,0.6,23.3,1,46.7,12.6,15.9
Portugal,PRT,1908,0,0,0.6,23.4,0.9,46.7,12.5,15.9
Portugal,PRT,1909,0,0,0.6,23.3,1,46.7,12.5,15.9
Portugal,PRT,1910,0,0,0.8,23.7,0.9,46.4,12.3,15.8
Portugal,PRT,1911,0,0,0.8,24.2,0.9,46.2,12.2,15.7
Portugal,PRT,1912,0,0,0.6,25.8,0.9,45.5,11.9,15.3
Portugal,PRT,1913,0,0,0.7,26.9,0.9,44.8,11.7,15.1
Portugal,PRT,1914,0,0,0.5,24.8,0.9,46.4,12,15.4
Portugal,PRT,1915,0,0,0.5,22.9,0.9,47.9,12.2,15.6
Portugal,PRT,1916,0,0,0.8,20.6,0.9,49.6,12.3,15.8
Portugal,PRT,1917,0,0,0.9,9.4,0.9,57.8,13.6,17.4
Portugal,PRT,1918,0,0,0.3,5.9,0.9,61.2,13.8,17.8
Portugal,PRT,1919,0,0,1.1,13.1,0.9,55.7,12.8,16.4
Portugal,PRT,1920,0,0,1.3,12.9,0.9,56.1,12.6,16.2
Portugal,PRT,1921,0,0,1.3,14,0.9,53.2,13.3,17.2
Portugal,PRT,1922,0.1,0,1.4,19.4,0.9,49.5,12.4,16.3
Portugal,PRT,1923,0.1,0,1.7,16.9,0.9,51,12.6,16.8
Portugal,PRT,1924,0.1,0,1.8,19.4,0.8,49.6,12.1,16.3
Portugal,PRT,1925,0.1,0,1.6,20.1,0.8,49.4,11.8,16.1
Portugal,PRT,1926,0.1,0,2,18.7,0.8,50.1,11.9,16.4
Portugal,PRT,1927,0.1,0,2.2,21.9,0.8,47.9,11.3,15.7
Portugal,PRT,1928,0.2,0,2.9,23,0.8,47.2,10.8,15.2
Portugal,PRT,1929,0.2,0,2.8,22.3,0.8,47.8,10.8,15.4
Portugal,PRT,1930,0.2,0,3.2,23.8,0.7,46.7,10.4,15
Portugal,PRT,1931,0.2,0,3.2,22.4,0.7,47.5,10.5,15.4
Portugal,PRT,1932,0.3,0,3.3,19.5,0.7,49.4,10.8,16
Portugal,PRT,1933,0.2,0,3.6,22.2,0.7,47.6,10.3,15.4
Portugal,PRT,1934,0.2,0,4.1,22.1,0.7,47.2,10.2,15.4
Portugal,PRT,1935,0.3,0,4.4,22.8,0.6,46.7,10,15.3
Portugal,PRT,1936,0.3,0,4.3,21.2,0.6,47.9,10,15.6
Portugal,PRT,1937,0.3,0,4.6,25.3,0.6,45.2,9.3,14.7
Portugal,PRT,1938,0.3,0,4.9,22.5,0.6,47,9.5,15.2
Portugal,PRT,1939,0.4,0,5.1,23,0.6,46.9,9.1,14.9
Portugal,PRT,1940,0.4,0,5.6,17.4,0.6,50.8,9.4,15.9
Portugal,PRT,1941,0.4,0,4.9,17,0.6,51.9,9.3,15.9
Portugal,PRT,1942,0.5,0,1.6,14.9,0.6,56.7,9.4,16.4
Portugal,PRT,1943,0.4,0,2.8,14.2,0.6,56.9,9.1,16
Portugal,PRT,1944,0.4,0,5.5,14.1,0.5,55.9,8.5,15.1
Portugal,PRT,1945,0.4,0,5,13.7,0.5,56.1,8.6,15.7
Portugal,PRT,1946,0.6,0,8.2,13.9,0.5,53.4,8.2,15.2
Portugal,PRT,1947,0.6,0,11.9,17.8,0.4,47.4,7.6,14.3
Portugal,PRT,1948,0.7,0,13.8,16.5,0.5,45.1,8.1,15.4
Portugal,PRT,1949,0.5,0,13.4,18,0.5,44.6,8,15.1
Portugal,PRT,1950,0.8,0,14.9,15.4,0.5,44.3,8,16.2
Portugal,PRT,1951,1.5,0,17,13.5,0.5,43.6,7.9,16
Portugal,PRT,1952,2.2,0,18.8,11.3,0.4,43.9,8,15.4
Portugal,PRT,1953,1.8,0,19.5,12.6,0.4,42.6,7.7,15.5
Portugal,PRT,1954,2.5,0,21.2,10.5,0.4,42.4,7.6,15.4
Portugal,PRT,1955,2.9,0,23.1,10.6,0.4,41.1,7.3,14.6
Portugal,PRT,1956,3.3,0,23.5,10.5,0.4,40.5,6.9,14.8
Portugal,PRT,1957,3,0,23,12.3,0.4,40.2,6.7,14.6
Portugal,PRT,1958,4,0,24.4,10.6,0.4,40,6.5,14.1
Portugal,PRT,1959,4.5,0,26.2,9.2,0.3,39.3,6.2,14.2
Portugal,PRT,1960,4.7,0,27.5,9,0.3,38.5,5.8,14.2
Portugal,PRT,1961,5,0,28.9,10.8,0.3,36.4,5.4,13.3
Portugal,PRT,1962,5.1,0,30.4,10,0.3,35.6,5.2,13.5
Portugal,PRT,1963,5.7,0,30.7,11.1,0.3,33.8,4.9,13.6
Portugal,PRT,1964,5.9,0,31.8,10.8,0.3,33.7,4.7,12.9
Portugal,PRT,1965,5.9,0,33.6,10.1,0.3,32.1,4.4,13.7
Portugal,PRT,1966,7,0,33.2,10.9,0.2,31.4,4.2,13.2
Portugal,PRT,1967,6.9,0,35.8,9.7,0.2,30.2,3.8,13.4
Portugal,PRT,1968,6.5,0,38.3,8.6,0.2,29.6,3.6,13.2
Portugal,PRT,1969,7.4,0,39.7,9,0.2,27.6,3.3,12.8
Portugal,PRT,1970,6.3,0,45.6,7.7,0.1,25.5,2.9,11.7
Portugal,PRT,1971,6.7,0,49.3,5.7,0.1,23.8,2.7,11.6
Portugal,PRT,1972,7.1,0,52.5,4.8,0.1,21.9,2.5,11.1
Portugal,PRT,1973,6.9,0,54.2,5.3,0.1,20.6,2.3,10.6
Portugal,PRT,1974,7.2,0,56,4.1,0.1,19.8,2.2,10.7
Portugal,PRT,1975,5.7,0,59,4,0.1,18.9,2,10.3
Portugal,PRT,1976,5.6,0,60.4,3.8,0.1,18.1,1.9,10.1
Portugal,PRT,1977,7.8,0,58.6,3.8,0.1,17.9,1.8,9.9
Portugal,PRT,1978,8.6,0,58.9,4.1,0.1,17.4,1.7,9.3
Portugal,PRT,1979,8.4,0,61.1,3.9,0.1,16.2,1.6,8.7
Portugal,PRT,1980,7.2,0,63.6,3.6,0.1,15.5,1.5,8.5
Portugal,PRT,1981,5.9,0,66.3,3.1,0.1,15,1.4,8.3
Portugal,PRT,1982,6.8,0,66.6,2.6,0,14.7,1.3,8
Portugal,PRT,1983,7,0,66.3,3,0,14.4,1.3,7.9
Portugal,PRT,1984,7.2,0,65.6,3.4,0,14.4,1.3,8.1
Portugal,PRT,1985,8.9,0,60,6.1,0,15.2,1.3,8.5
Portugal,PRT,1986,6.7,0,58.5,10.8,0,14.4,1.2,8.4
Portugal,PRT,1987,7.5,0,54.9,13.5,0,14.5,1.1,8.5
Portugal,PRT,1988,8.7,0,53.7,14.4,0,13.9,1,8.2
Portugal,PRT,1989,3.8,0,60.3,15.6,0,12,0.9,7.3
Portugal,PRT,1990,4.7,0,57.6,16.1,0,13.6,0.8,7.2
Portugal,PRT,1991,4.5,0,57.8,16.4,0,13.6,0.7,7
Portugal,PRT,1992,2.9,0,61.3,15.7,0,12.7,0.7,6.6
Portugal,PRT,1993,4.2,0,58.7,17,0,12.7,0.6,6.8
Portugal,PRT,1994,5.3,0,57.5,17.6,0,12.4,0.6,6.8
Portugal,PRT,1995,4.1,0,59,18,0,12.1,0.5,6.4
Portugal,PRT,1996,6.9,0,57.3,17,0,12,0.4,6.4
Portugal,PRT,1997,6.5,0.4,58.6,16.5,0,11.7,0.4,5.9
Portugal,PRT,1998,5.2,3.1,59.9,14.4,0.1,11.1,0.3,5.9
Portugal,PRT,1999,2.5,8.1,57.3,15.5,0.1,10.7,0.3,5.7
Portugal,PRT,2000,4.5,8.7,54.5,15.5,0.1,10.9,0.2,5.6
Portugal,PRT,2001,5.2,9.2,55.8,12.9,0.1,10.9,0.2,5.7
Portugal,PRT,2002,3.5,10.6,55.8,13.6,0.1,10.7,0.2,5.5
Portugal,PRT,2003,6.6,10.5,52.4,13.3,0.1,11.2,0.2,5.7
Portugal,PRT,2004,5.9,12.9,51.3,13.1,0.1,11,0.2,5.6
Portugal,PRT,2005,4.5,14.3,51.8,12.7,0.1,10.9,0.2,5.5
Portugal,PRT,2006,6.7,14.1,49,12.9,0.1,11.4,0.1,5.7
Portugal,PRT,2007,7.2,14.5,48.9,11.2,0.1,12.3,0.1,5.6
Portugal,PRT,2008,7.5,16.2,47.7,10,0.1,12.5,0.1,5.8
Spain,ESP,1850,0,0,0,1.6,2.2,46.3,30.1,19.8
Spain,ESP,1851,0,0,0,3.2,2.2,45.6,29.6,19.4
Spain,ESP,1852,0,0,0,3.2,2.2,45.6,29.6,19.4
Spain,ESP,1853,0,0,0,3.2,2.3,45.7,29.6,19.2
Spain,ESP,1854,0,0,0,3.3,2.3,45.7,29.7,19
Spain,ESP,1855,0,0,0,3.3,2.4,46.1,29.9,18.3
Spain,ESP,1856,0,0,0,5.4,2.3,44.4,28.8,19.1
Spain,ESP,1857,0,0,0,5.4,2.3,44.1,28.6,19.6
Spain,ESP,1858,0,0,0,5.4,2.3,43.7,28.4,20.2
Spain,ESP,1859,0,0,0,5.4,2.4,43.9,28.5,19.7
Spain,ESP,1860,0,0,0,5.5,2.4,44,28.6,19.5
Spain,ESP,1861,0,0,0,7.3,2.5,43,28,19.2
Spain,ESP,1862,0,0,0,8,2.6,42.6,27.8,19
Spain,ESP,1863,0,0,0,8.8,2.7,42.2,27.6,18.7
Spain,ESP,1864,0,0,0,8.5,2.8,42.2,27.7,18.8
Spain,ESP,1865,0,0,0,8.3,2.9,41.8,27.4,19.6
Spain,ESP,1866,0,0,0,8.5,3,42.3,27.8,18.4
Spain,ESP,1867,0,0,0,9.1,3.1,41.7,27.4,18.7
Spain,ESP,1868,0,0,0,9.4,3.2,41,27,19.5
Spain,ESP,1869,0,0,0,9.4,3.2,40.4,26.7,20.3
Spain,ESP,1870,0,0,0.3,10.2,3.3,40,26.4,19.7
Spain,ESP,1871,0,0,0.3,10.6,3.4,40.1,26.5,19
Spain,ESP,1872,0,0,0.2,10.9,3.6,40.1,26.6,18.6
Spain,ESP,1873,0,0,0.3,11.3,3.6,39,25.9,20
Spain,ESP,1874,0,0,0.4,11.5,3.8,39.9,26.5,18
Spain,ESP,1875,0,0,0.3,12.5,3.9,39.5,26.3,17.5
Spain,ESP,1876,0,0,0.3,13.5,3.9,38.5,25.6,18.1
Spain,ESP,1877,0,0,0.5,13.3,3.9,37.6,25,19.7
Spain,ESP,1878,0,0,0.3,13,4,37.7,25,20
Spain,ESP,1879,0,0,0.3,14.4,4.2,38.2,25.2,17.7
Spain,ESP,1880,0,0,0.4,15.5,4.1,36.6,24,19.4
Spain,ESP,1881,0,0,0.5,18.9,4.1,35.3,23,18.2
Spain,ESP,1882,0,0,0.3,19.7,4.2,35,22.7,18
Spain,ESP,1883,0,0,0.4,19.1,4.3,35.1,22.6,18.5
Spain,ESP,1884,0,0,0.4,19.6,4.4,34.4,22,19.1
Spain,ESP,1885,0,0,0.6,20.2,4.6,34.9,22.2,17.6
Spain,ESP,1886,0,0,0.4,21.4,4.6,34.6,21.8,17.1
Spain,ESP,1887,0,0,0.4,21.8,4.7,34,21.3,17.8
Spain,ESP,1888,0,0,0.6,23.2,4.7,33.2,20.7,17.6
Spain,ESP,1889,0,0,0.4,24.9,4.8,32.8,20.2,16.9
Spain,ESP,1890,0,0,0.5,26.3,4.8,31.8,19.5,17.1
Spain,ESP,1891,0,0,0.5,27.3,4.8,31.4,19.1,16.8
Spain,ESP,1892,0,0,0.4,27.2,4.8,30.4,18.4,18.8
Spain,ESP,1893,0,0,0.5,28,5,31.1,18.7,16.6
Spain,ESP,1894,0,0,0.4,30,4.9,29.7,17.7,17.2
Spain,ESP,1895,0,0,0.5,30.3,5.1,29.9,17.7,16.7
Spain,ESP,1896,0,0,0.4,31.4,5,28.5,16.7,18
Spain,ESP,1897,0,0,0.3,33.6,5.1,28.4,16.8,15.7
Spain,ESP,1898,0,0,0.3,32.7,5.1,28,16.6,17.3
Spain,ESP,1899,0,0,0.3,36.4,5,26.8,16,15.5
Spain,ESP,1900,0,0,0.5,37.5,4.9,25.8,15.6,15.8
Spain,ESP,1901,0.1,0,0.4,36.9,4.8,27.2,15,15.6
Spain,ESP,1902,0.1,0,0.4,36,4.7,28,14.4,16.5
Spain,ESP,1903,0.1,0,0.3,36.8,4.9,26.2,14.8,16.9
Spain,ESP,1904,0.1,0,0.3,40.5,5.1,22.3,15.2,16.5
Spain,ESP,1905,0.1,0,0.3,40.9,5.1,22.5,14.8,16.3
Spain,ESP,1906,0.1,0,0.5,41.4,5,21.8,14.4,16.8
Spain,ESP,1907,0.1,0,0.2,41.9,5,21.8,14.2,16.8
Spain,ESP,1908,0.1,0,0.3,42.9,5.1,22.5,14.3,14.7
Spain,ESP,1909,0.1,0,0.4,43.3,5.1,22.2,14.1,14.8
Spain,ESP,1910,0.2,0,0.3,42.3,5,22.6,13.3,16.4
Spain,ESP,1911,0.2,0,0.3,43.9,5.6,21.3,13.6,15
Spain,ESP,1912,0.2,0,0.3,44.6,5.8,20.6,13.2,15.3
Spain,ESP,1913,0.2,0,0.3,46.3,6.3,20.7,13.2,12.9
Spain,ESP,1914,0.4,0,0.3,42.4,7.2,19.9,14,15.8
Spain,ESP,1915,0.4,0,0.3,40.2,8.2,20.1,15.5,15.2
Spain,ESP,1916,0.4,0,0.3,43.1,8.1,18.2,14.8,15
Spain,ESP,1917,0.6,0,0.3,40.5,8.4,19.2,15.6,15.4
Spain,ESP,1918,0.6,0,0,41.9,8,18.7,15.2,15.5
Spain,ESP,1919,0.6,0,0.3,38.8,8.2,18.6,15.6,17.9
Spain,ESP,1920,0.7,0,0.5,34.1,8.1,27.2,12,17.4
Spain,ESP,1921,0.8,0,0.5,36.4,8.2,25.9,12.1,16.1
Spain,ESP,1922,0.9,0,0.7,36.4,8.2,24,12.6,17.1
Spain,ESP,1923,0.9,0,0.9,39,7.5,23.2,12.1,16.5
Spain,ESP,1924,1,0,1.3,40.3,7.3,21.8,12.2,16.1
Spain,ESP,1925,1,0,1.4,37.2,6.6,28.7,12.3,12.7
Spain,ESP,1926,1.4,0,1.7,39.2,7.2,20.5,13.1,17
Spain,ESP,1927,1.4,0,2.1,42.9,6.8,17.5,13.2,16.2
Spain,ESP,1928,1.5,0,2.6,42.9,7,18.3,10.9,16.9
Spain,ESP,1929,1.5,0,2.9,44.8,6.5,17.6,10.6,16.1
Spain,ESP,1930,1.7,0,3.8,43.1,6.6,17.3,11.1,16.4
Spain,ESP,1931,1.7,0,4.6,39.8,6.5,18.7,12.5,16.3
Spain,ESP,1932,1.7,0,4.7,38.4,6.6,18.2,13.3,16.9
Spain,ESP,1933,1.9,0,4.6,35.2,7,19.2,14.5,17.8
Spain,ESP,1934,2,0,6.1,35.1,7.1,19.5,12.2,17.9
Spain,ESP,1935,1.9,0,5.3,37.8,6.5,18,14.2,16.3
Spain,ESP,1940,1.8,0,6.3,40.7,0,22.6,15,13.6
Spain,ESP,1941,2.1,0,4.8,42.8,0,20.4,15.7,14.1
Spain,ESP,1942,2.4,0,2.5,45.6,0,19.7,15.8,14.1
Spain,ESP,1943,2.5,0,4.4,49.5,0,13.7,15.6,14.3
Spain,ESP,1944,2.4,0,3.7,50.8,0,13.4,15.5,14.3
Spain,ESP,1945,1.9,0,4.7,50.5,0,13.6,15.4,14
Spain,ESP,1946,2.5,0,6.4,49.4,0,13.8,14.6,13.3
Spain,ESP,1947,2.8,0,7.9,48.4,0,13,14.6,13.3
Spain,ESP,1948,2.7,0,7.9,49.4,0,12.9,14.2,13
Spain,ESP,1949,2,0,9.5,50,0,11.8,13.8,12.8
Spain,ESP,1950,2.4,0,10.2,48.8,0,11.9,14,12.7
Spain,ESP,1951,3.3,0,10.4,47.5,0,11.9,13.9,13
Spain,ESP,1952,3.4,0,11.5,48.8,0,11.1,12.8,12.4
Spain,ESP,1953,3.2,0,13.6,48.4,0,10.3,12.4,12.2
Spain,ESP,1954,3.2,0,15.5,47.1,0,10,12,12.2
Spain,ESP,1955,3.6,0,17.6,45.2,0,10.1,11.5,12
Spain,ESP,1956,4.2,0,19.8,44.3,0,9.5,10.8,11.5
Spain,ESP,1957,3.3,0,20.8,45.9,0,9.4,9.8,10.9
Spain,ESP,1958,3.8,0,23.9,42.4,0,9.5,9.6,10.9
Spain,ESP,1959,4.9,0,23.3,41.2,0,9.1,9.7,11.9
Spain,ESP,1960,5.3,0,23,41.3,0,8.9,9.5,12
Spain,ESP,1961,5.1,0,24.1,40.6,0,9.2,9.1,11.8
Spain,ESP,1962,4.8,0,27.4,38.9,0,8.9,8.4,11.6
Spain,ESP,1963,6.3,0,28,38,0,8.5,7.9,11.3
Spain,ESP,1964,5.8,0,34.4,33.9,0,8,7.4,10.6
Spain,ESP,1965,5.3,0,35.4,34.3,0,7.6,6.9,10.6
Spain,ESP,1966,6.8,0,41,29.7,0,7.1,6.1,9.3
Spain,ESP,1967,5.3,0,46.6,27.3,0,6.7,5.2,8.9
Spain,ESP,1968,4.8,0,50.4,26.2,0,6,4.5,8.1
Spain,ESP,1969,6,0,52.3,24.1,0,5.8,4.1,7.7
Spain,ESP,1970,5.2,0,54.2,23.9,0,5.5,3.7,7.5
Spain,ESP,1971,5.6,0,57.2,21.9,0,5,3.3,7.1
Spain,ESP,1972,6.6,0,56.9,21.7,0,4.9,2.9,7
Spain,ESP,1973,5.1,1.8,62.2,17.5,0,4.3,2.5,6.5
Spain,ESP,1974,5.2,1.8,65.1,15.2,0,4.1,2.1,6.5
Spain,ESP,1975,4.6,2,64.8,16.6,0,3.9,1.9,6.3
Spain,ESP,1976,3.6,2.4,67.9,14.6,0,3.7,1.7,6
Spain,ESP,1977,6.1,2.3,64.1,15.9,0,3.8,1.6,6.2
Spain,ESP,1978,5.8,2.2,66.1,14.9,0,3.6,1.4,5.9
Spain,ESP,1979,6.5,2.5,64.5,15.5,0,3.6,1.3,6.1
Spain,ESP,1980,4,2.6,64,18.5,0,3.8,1.2,5.8
Spain,ESP,1981,3.6,3.1,61.4,21.1,0,3.9,1.2,5.7
Spain,ESP,1982,3.9,3.3,56.9,24.7,0,3.9,1.1,6.1
Spain,ESP,1983,4.6,3.5,55.7,25.2,0,3.9,1.1,6.1
Spain,ESP,1984,7.1,3,52.6,26.1,0,4,1,6.2
Spain,ESP,1985,7.3,3.1,50.5,27.8,0,4,1,6.4
Spain,ESP,1986,7.9,3.3,50.5,27.2,0,4,0.9,6.3
Spain,ESP,1987,8.4,3.7,50.9,25.9,0,3.9,0.7,6.4
Spain,ESP,1988,10,4.4,54.3,20.9,0,3.5,0.7,6.2
Spain,ESP,1989,8.2,5.1,51,24.7,0,5,0,5.9
Spain,ESP,1990,8.5,5.7,51.2,23.6,0,5.1,0,5.8
Spain,ESP,1991,8.6,6.1,51.8,23,0,4.6,0,5.8
Spain,ESP,1992,7.7,6.3,53.4,22.8,0,4.1,0,5.7
Spain,ESP,1993,8.6,6.5,52.6,22.3,0,4.2,0,5.8
Spain,ESP,1994,8.6,6.7,54.2,20.9,0,4.1,0,5.5
Spain,ESP,1995,8,8.2,53.5,20.9,0,4.1,0,5.2
Spain,ESP,1996,9.4,9.1,54.2,17.7,0,4.2,0,5.4
Spain,ESP,1997,8,11.4,52.4,19,0,4,0,5.1
Spain,ESP,1998,8.5,11.2,53,18.4,0,4,0,4.9
Spain,ESP,1999,7.4,12.1,52.1,19.8,0,3.8,0,4.7
Spain,ESP,2000,7.9,13.3,50.4,20,0,3.7,0,4.6
Spain,ESP,2001,8.8,14.1,51.1,17.9,0,3.7,0,4.5
Spain,ESP,2002,7.4,15.6,49.5,19.5,0,3.7,0,4.3
Spain,ESP,2003,8.2,17.1,49.2,17.4,0,3.9,0,4.2
Spain,ESP,2004,7.3,19.2,48.5,17.3,0,3.8,0,3.9
Spain,ESP,2005,6.2,22.1,47.6,16.3,0.1,3.9,0,3.8
Spain,ESP,2006,6.9,23,47.9,14.3,0.1,3.9,0,3.8
Spain,ESP,2007,6.9,23.8,46,15.2,0.1,4.1,0,3.9
Spain,ESP,2008,7.3,27.4,45.9,10.6,0.1,4.6,0,4.1
Sweden,SWE,1800,0,0,0,0.2,0,80,11.4,8.4
Sweden,SWE,1801,0,0,0,0.3,0,79.8,11.5,8.4
Sweden,SWE,1802,0,0,0,0.2,0,79.7,11.6,8.5
Sweden,SWE,1803,0,0,0,0.3,0,79.6,11.6,8.5
Sweden,SWE,1804,0,0,0,0.4,0,79.4,11.7,8.6
Sweden,SWE,1805,0,0,0,0.3,0,79.4,11.8,8.6
Sweden,SWE,1806,0,0,0,0.5,0,79.1,11.8,8.6
Sweden,SWE,1807,0,0,0,0.6,0,78.7,12,8.7
Sweden,SWE,1808,0,0,0,0.8,0,78.3,12.1,8.7
Sweden,SWE,1809,0,0,0,0.7,0,77.6,12.6,9
Sweden,SWE,1810,0,0,0,0.5,0,77.6,12.8,9
Sweden,SWE,1811,0,0,0,0.4,0,77.7,12.9,9.1
Sweden,SWE,1812,0,0,0,0.4,0,77.6,12.9,9.1
Sweden,SWE,1813,0,0,0,0.3,0,77.5,13,9.1
Sweden,SWE,1814,0,0,0,0.3,0,77.5,13,9.2
Sweden,SWE,1815,0,0,0,0.5,0,77.4,13,9.2
Sweden,SWE,1816,0,0,0,0.5,0,77.5,12.9,9.1
Sweden,SWE,1817,0,0,0,0.5,0,77.4,12.9,9.2
Sweden,SWE,1818,0,0,0,0.4,0,77.5,12.9,9.2
Sweden,SWE,1819,0,0,0,0.4,0,77.4,12.9,9.2
Sweden,SWE,1820,0,0,0,0.4,0,77.4,12.9,9.3
Sweden,SWE,1821,0,0,0,0.4,0,77.2,13,9.4
Sweden,SWE,1822,0,0,0,0.4,0,77.1,13,9.5
Sweden,SWE,1823,0,0,0,0.4,0,77.1,12.9,9.5
Sweden,SWE,1824,0,0,0,0.4,0,77.1,12.8,9.6
Sweden,SWE,1825,0,0,0,0.4,0,77.2,12.8,9.7
Sweden,SWE,1826,0,0,0,0.4,0,77,12.8,9.8
Sweden,SWE,1827,0,0,0,0.5,0,76.7,12.8,9.9
Sweden,SWE,1828,0,0,0,0.4,0,76.8,12.9,9.9
Sweden,SWE,1829,0,0,0,0.4,0,76.5,13.1,10.1
Sweden,SWE,1830,0,0,0,0.6,0,76.2,13,10.1
Sweden,SWE,1831,0,0,0,0.4,0,76.3,13.1,10.2
Sweden,SWE,1832,0,0,0,0.4,0,76.1,13.2,10.3
Sweden,SWE,1833,0,0,0,0.4,0,76,13.2,10.4
Sweden,SWE,1834,0,0,0,0.6,0,75.8,13.2,10.5
Sweden,SWE,1835,0,0,0,0.7,0,75.7,13.1,10.5
Sweden,SWE,1836,0,0,0,0.7,0,75.7,13.1,10.6
Sweden,SWE,1837,0,0,0,0.6,0,75.7,13.1,10.6
Sweden,SWE,1838,0,0,0,0.7,0,75.4,13.2,10.7
Sweden,SWE,1839,0,0,0,0.8,0,75.3,13.2,10.7
Sweden,SWE,1840,0,0,0,0.8,0,75.2,13.2,10.8
Sweden,SWE,1841,0,0,0,0.8,0,75.1,13.2,10.9
Sweden,SWE,1842,0,0,0,1.1,0,74.8,13.2,10.9
Sweden,SWE,1843,0,0,0,0.9,0,74.7,13.3,11
Sweden,SWE,1844,0,0,0,0.9,0,74.5,13.4,11.2
Sweden,SWE,1845,0,0,0,1.2,0,74.1,13.5,11.3
Sweden,SWE,1846,0,0,0,1.1,0,74.1,13.4,11.3
Sweden,SWE,1847,0,0,0,1,0,74.1,13.5,11.4
Sweden,SWE,1848,0,0,0,1.5,0,73.6,13.5,11.4
Sweden,SWE,1849,0,0,0,1.7,0,73.1,13.6,11.5
Sweden,SWE,1850,0,0,0,2,0,72.9,13.6,11.5
Sweden,SWE,1851,0,0,0,2.1,0,72.9,13.5,11.5
Sweden,SWE,1852,0,0,0,2.1,0,72.8,13.6,11.6
Sweden,SWE,1853,0,0,0,2,0,72.7,13.7,11.6
Sweden,SWE,1854,0,0,0,2.4,0,72.4,13.5,11.6
Sweden,SWE,1855,0,0,0,2.5,0,72.5,13.4,11.5
Sweden,SWE,1856,0,0,0,3.6,0,71.6,13.4,11.5
Sweden,SWE,1857,0,0,0,4.5,0,70.8,13.3,11.4
Sweden,SWE,1858,0,0,0,4.3,0,71,13.3,11.5
Sweden,SWE,1859,0,0,0,5.5,0,70.1,13.1,11.3
Sweden,SWE,1860,0,0,0,5.4,0,70.2,13,11.4
Sweden,SWE,1861,0,0,0,6.7,0,69.2,12.8,11.3
Sweden,SWE,1862,0,0,0,6.8,0,69.2,12.7,11.3
Sweden,SWE,1863,0,0,0,6.7,0,69.2,12.7,11.4
Sweden,SWE,1864,0,0,0,7,0,69,12.7,11.3
Sweden,SWE,1865,0,0,0,7.2,0,68.9,12.5,11.4
Sweden,SWE,1866,0,0,0,7.3,0,68.9,12.4,11.4
Sweden,SWE,1867,0,0,0,6.9,0,69.3,12.3,11.5
Sweden,SWE,1868,0,0,0.1,7.9,0,68.4,12.2,11.4
Sweden,SWE,1869,0,0,0.1,7,0,69.3,12.3,11.4
Sweden,SWE,1870,0,0,0.1,8.6,0,68,12,11.3
Sweden,SWE,1871,0,0,0.1,9.1,0,67.2,12.2,11.3
Sweden,SWE,1872,0,0,0.2,11,0,66.1,12,10.8
Sweden,SWE,1873,0,0,0.2,10.8,0,65.8,12.3,10.9
Sweden,SWE,1874,0,0,0.2,11.9,0,64.6,12.2,11.1
Sweden,SWE,1875,0,0,0.2,13.8,0,63.1,12.1,10.8
Sweden,SWE,1876,0,0,0.2,14.5,0,62.5,12,10.7
Sweden,SWE,1877,0,0,0.3,15.2,0,61.9,11.9,10.7
Sweden,SWE,1878,0,0,0.3,13.2,0,63.1,12.3,11.1
Sweden,SWE,1879,0,0,0.3,13.1,0,63.1,12.3,11.1
Sweden,SWE,1880,0,0,0.3,16.2,0,61.1,11.8,10.6
Sweden,SWE,1881,0,0,0.4,15.7,0,61.4,11.8,10.7
Sweden,SWE,1882,0,0,0.4,17.4,0,59.9,11.8,10.5
Sweden,SWE,1883,0,0,0.3,18.3,0,59.2,11.7,10.4
Sweden,SWE,1884,0,0,0.5,18.8,0,58.7,11.6,10.4
Sweden,SWE,1885,0,0,0.5,19.9,0,57.9,11.4,10.3
Sweden,SWE,1886,0,0,0.6,19.6,0,57.7,11.5,10.5
Sweden,SWE,1887,0,0,0.6,19.9,0,57.5,11.4,10.5
Sweden,SWE,1888,0,0,0.6,21.9,0,56,11.2,10.4
Sweden,SWE,1889,0,0,0.9,24.3,0,53.9,10.7,10.1
Sweden,SWE,1890,0,0,0.8,24.4,0,54.1,10.7,10
Sweden,SWE,1891,0,0,0.9,25.5,0,53.1,10.6,9.9
Sweden,SWE,1892,0,0,0.9,25.5,0,53,10.7,9.9
Sweden,SWE,1893,0,0,1,25.7,0,52.6,10.7,10
Sweden,SWE,1894,0,0,0.9,29,0,50.4,10.2,9.5
Sweden,SWE,1895,0,0,1.1,28.9,0,50.2,10.3,9.5
Sweden,SWE,1896,0,0,1,29.4,0,50.1,10.1,9.4
Sweden,SWE,1897,0.1,0,1.2,31.3,0,48.7,9.7,9.1
Sweden,SWE,1898,0.1,0,1.1,32.6,0,47.6,9.6,8.9
Sweden,SWE,1899,0.1,0,1.2,38,0,43.5,8.9,8.3
Sweden,SWE,1900,0.1,0,1.2,37.2,0,44.4,8.8,8.2
Sweden,SWE,1901,0.1,0,1.3,36,0,45.8,8.2,8.6
Sweden,SWE,1902,0.2,0,1.4,36.3,0,45.9,7.9,8.3
Sweden,SWE,1903,0.2,0,1.5,38.8,0,43.7,7.7,8.1
Sweden,SWE,1904,0.3,0,1.5,40.1,0,42.6,7.5,8
Sweden,SWE,1905,0.3,0,1.6,38.2,0,44.8,7.3,7.8
Sweden,SWE,1906,0.3,0,1.5,40.6,0,43,7,7.5
Sweden,SWE,1907,0.4,0,1.5,43.8,0,40.4,6.7,7.2
Sweden,SWE,1908,0.5,0,1.9,45.6,0,38.3,6.6,7.1
Sweden,SWE,1909,0.6,0,2,44.3,0,38.6,7,7.6
Sweden,SWE,1910,0.7,0,1.8,42.8,0,41.1,6.6,7.1
Sweden,SWE,1911,0.8,0,2.1,42.5,0,40.7,6.6,7.3
Sweden,SWE,1912,0.8,0,1.9,45,0,38.5,6.8,7
Sweden,SWE,1913,1,0,2,45.8,0,38.5,6.2,6.4
Sweden,SWE,1914,1.1,0,1.6,44.1,0,40.3,6.3,6.6
Sweden,SWE,1915,1.3,0,1.7,44.1,0,40,6.5,6.5
Sweden,SWE,1916,1.5,0,1.7,43.3,0,41.2,6.2,6.1
Sweden,SWE,1917,1.9,0,0.7,23.8,0,57.9,7.8,7.9
Sweden,SWE,1918,2.1,0,0.4,27.7,0,54.7,7.5,7.6
Sweden,SWE,1919,2.1,0,1.9,25.9,0,55.6,6.6,7.9
Sweden,SWE,1920,2.2,0,2.1,34.6,0,46.6,6.8,7.8
Sweden,SWE,1921,2.5,0,2.2,24.9,0,52.2,8.1,10.1
Sweden,SWE,1922,2.6,0,2.3,35.6,0,44.2,6.8,8.5
Sweden,SWE,1923,2.6,0,2.6,39.9,0,40.8,6.3,7.9
Sweden,SWE,1924,2.8,0,2.7,43.1,0,38.6,5.7,7.1
Sweden,SWE,1925,3,0,3.4,40.2,0,39.6,6.2,7.6
Sweden,SWE,1926,3.3,0,3.8,39.1,0,40,6.1,7.7
Sweden,SWE,1927,3.1,0,3.6,47.9,0,33.6,5.2,6.6
Sweden,SWE,1928,3.2,0,4.7,44.7,0,35,5.5,6.9
Sweden,SWE,1929,3.3,0,4.6,48.5,0,32.6,4.9,6.2
Sweden,SWE,1930,3.5,0,5.7,47.4,0,32.2,4.8,6.4
Sweden,SWE,1931,3.4,0,6.2,47.9,0,31.1,4.9,6.5
Sweden,SWE,1932,3.3,0,7.2,47.4,0,30.4,5.1,6.6
Sweden,SWE,1933,3.4,0,7.5,47.7,0,30.1,4.9,6.4
Sweden,SWE,1934,3.6,0,7.3,49.7,0,28.9,4.5,6
Sweden,SWE,1935,3.9,0,8.1,50.1,0,28.1,4,5.9
Sweden,SWE,1936,4,0,8.7,51.8,0,26.5,3.4,5.5
Sweden,SWE,1937,3.9,0,9.1,54.7,0,24.2,2.9,5.1
Sweden,SWE,1938,4.6,0,10.8,50.6,0,25.6,2.9,5.4
Sweden,SWE,1939,3.8,0,9.8,44.8,0,35.1,2.1,4.3
Sweden,SWE,1940,4.6,0,4.7,38.1,0,44.7,2.4,5.4
Sweden,SWE,1941,5.3,0,1.2,34.8,0,50.8,2.3,5.7
Sweden,SWE,1942,5.8,0,1.1,30.4,0,54.9,2.1,5.8
Sweden,SWE,1943,6.3,0,1.1,34.9,0,50.5,1.8,5.5
Sweden,SWE,1944,7.9,0,1.1,29,0,54.3,1.7,6
Sweden,SWE,1945,8.4,0,1.7,8.8,0,73.6,1.5,6
Sweden,SWE,1946,9.4,0,16.8,29.7,0,36,1.5,6.5
Sweden,SWE,1947,7.5,0,25.2,33.2,0,27.4,1.2,5.6
Sweden,SWE,1948,7.4,0,21.5,41.5,0,23.4,0.9,5.3
Sweden,SWE,1949,9.1,0,22.1,38,0,24.1,0.9,5.8
Sweden,SWE,1950,9,0,25.5,38.7,0,21.1,0.7,5
Sweden,SWE,1951,8.5,0,29.3,38.4,0,18.8,0.5,4.5
Sweden,SWE,1952,9.1,0,31.6,36.4,0,17.9,0.5,4.5
Sweden,SWE,1953,10.5,0,36.4,29.3,0,18.7,0.4,4.8
Sweden,SWE,1954,10.8,0,40.3,25.3,0,18.6,0.3,4.7
Sweden,SWE,1955,9.9,0,44.3,25.1,0,16.4,0.2,4.1
Sweden,SWE,1956,9.7,0,49.4,22,0,15,0.2,3.8
Sweden,SWE,1957,10.6,0,48.4,21.5,0,15.4,0.2,3.9
Sweden,SWE,1958,11.4,0,54.9,14.6,0,15,0.2,4
Sweden,SWE,1959,12.9,0,50.9,15.5,0,16.2,0.2,4.3
Sweden,SWE,1960,13.2,0,53.9,14.5,0,14.5,0.1,3.7
Sweden,SWE,1961,15.4,0,53,13.1,0,14.6,0.1,3.7
Sweden,SWE,1962,15.6,0,56.2,12.2,0,12.5,0.1,3.5
Sweden,SWE,1963,14.7,0,58.5,11.4,0,12,0.1,3.3
Sweden,SWE,1964,15.1,0,58.9,11,0,11.8,0.1,3
Sweden,SWE,1965,15.6,0,60.7,9,0,11.6,0.1,3
Sweden,SWE,1966,13.8,0,65.1,8.3,0,10.1,0.1,2.7
Sweden,SWE,1967,15.6,0,63.5,7.2,0,10.7,0.1,2.8
Sweden,SWE,1968,14.7,0,66.3,6.8,0,9.5,0.1,2.6
Sweden,SWE,1969,12.4,0,70,5.8,0,9.3,0.1,2.4
Sweden,SWE,1970,11.3,0,71.7,5.7,0,9.1,0.1,2.2
Sweden,SWE,1971,13.9,0,68.8,5.8,0,9.1,0.1,2.3
Sweden,SWE,1972,14.6,0,68.8,4.8,0,9.4,0.1,2.3
Sweden,SWE,1973,15.6,0,67.6,5.3,0,9.1,0,2.3
Sweden,SWE,1974,15.8,0,65.4,6.5,0,9.8,0,2.3
Sweden,SWE,1975,17.4,0,65.8,5.8,0,8.6,0,2.2
Sweden,SWE,1976,17.3,0,66.1,6,0,8.4,0,2.2
Sweden,SWE,1977,17.6,0,67.7,4.3,0,8.1,0,2.3
Sweden,SWE,1978,20.9,0,62.8,3.9,0,9.9,0,2.4
Sweden,SWE,1979,19.1,0,64.1,5.1,0,9.6,0.1,2.1
Sweden,SWE,1980,21.4,0,60.7,5.1,0,10.5,0.1,2.3
Sweden,SWE,1981,26.3,0,54.3,4.6,0,12.3,0.1,2.5
Sweden,SWE,1982,27.3,0,52.4,5.8,0,11.9,0.1,2.6
Sweden,SWE,1983,29.6,0,46.9,7,0,14,0.1,2.5
Sweden,SWE,1984,32.3,0,41,8.8,0,15.3,0.1,2.5
Sweden,SWE,1985,31.7,0.2,41.3,10.3,0,14.1,0,2.3
Sweden,SWE,1986,29.8,0.5,44.5,9,0,14,0,2.2
Sweden,SWE,1987,34,0.8,39.1,8.4,0,15.3,0,2.3
Sweden,SWE,1988,32.4,0.9,39.6,8.2,0,16.7,0,2.2
Sweden,SWE,1989,34.2,1.3,36.5,8.8,0,16.8,0,2.3
Sweden,SWE,1990,34.5,1.6,35.7,8.4,0,17.4,0,2.3
Sweden,SWE,1991,34.7,1.8,34.4,7.4,0,19.4,0,2.4
Sweden,SWE,1992,34.4,2,34.5,6.8,0,19.8,0,2.4
Sweden,SWE,1993,34,2.2,34,6.7,0,20.7,0,2.4
Sweden,SWE,1994,32.9,2,34.7,6.9,0,21.1,0,2.4
Sweden,SWE,1995,33.1,1.9,34.2,6.6,0,21.9,0,2.4
Sweden,SWE,1996,31.8,1.9,34.3,7.3,0,22.3,0,2.3
Sweden,SWE,1997,32.7,2,33.7,6.2,0,23.1,0,2.3
Sweden,SWE,1998,33,2.1,32.7,6.2,0,23.7,0,2.3
Sweden,SWE,1999,33,2,32.7,6,0,23.9,0,2.3
Sweden,SWE,2000,33.7,1.9,31.2,6.1,0,24.7,0,2.3
Sweden,SWE,2001,34,2.4,33.7,6.7,0,21,0,2.3
Sweden,SWE,2002,31.4,2.3,36,7.1,0,21,0,2.2
Sweden,SWE,2003,30.5,2.3,35.8,7.4,0,21.8,0,2.2
Sweden,SWE,2004,30.7,2.3,34.6,7,0,23.3,0,2.2
Sweden,SWE,2005,31,2.2,32.6,7.6,0,24.4,0,2.2
Sweden,SWE,2006,31.3,2.4,32.6,7,0,24.4,0,2.3
Sweden,SWE,2007,32.1,2.5,28.8,7.3,0,27,0,2.3
Sweden,SWE,2008,31.3,2.2,30.5,6.6,0,27,0,2.3
Uruguay,URY,1882,0,0,0.857267475,12.4744029,,26.23324067,60.43508895,
Uruguay,URY,1883,0,0,0.830671882,13.12718127,,25.94461461,60.09753224,
Uruguay,URY,1884,0,0,0.709299972,13.82776151,,37.37018118,48.09275734,
Uruguay,URY,1885,0,0,0.891550748,14.83392129,,41.88354873,42.39097923,
Uruguay,URY,1886,0,0,0.892569787,16.62786708,,29.92731777,52.55224536,
Uruguay,URY,1887,0,0,1.344141958,14.12961812,,27.91056422,56.61567571,
Uruguay,URY,1888,0,0,0.645180623,9.687119917,,46.75969179,42.90800767,
Uruguay,URY,1889,0,0,1.086171623,12.25232975,,47.11107385,39.55042477,
Uruguay,URY,1890,0,0,0.630504901,11.0104158,,52.7422364,35.6168429,
Uruguay,URY,1891,0,0,0.768022616,8.595712148,,60.11689378,30.51937146,
Uruguay,URY,1892,0,0,0.808510039,8.676189471,,54.88405165,35.63124884,
Uruguay,URY,1893,0,0,0.822409353,8.111263319,,55.17973354,35.88659378,
Uruguay,URY,1894,0,0,0.785904995,13.4400954,,52.29918557,33.47481403,
Uruguay,URY,1895,0,0,0.850381809,10.66826675,,58.10149671,30.37985474,
Uruguay,URY,1896,0,0,0.864106251,10.2544302,,56.14400849,32.73745506,
Uruguay,URY,1897,0,0,0.791731319,6.68093285,,62.11162909,30.41570674,
Uruguay,URY,1898,0,0,1.04997741,9.137343846,,57.14450219,32.66817655,
Uruguay,URY,1899,0,0,0.839980896,12.15355697,,55.46830934,31.53815279,
Uruguay,URY,1900,0,0,1.064126719,9.784341178,,57.52177436,31.62975774,
Uruguay,URY,1901,0,0,0.766025235,9.028855299,,62.42738125,27.77773821,
Uruguay,URY,1902,0,0,0.832541903,8.688459077,,64.82761859,25.65138043,
Uruguay,URY,1903,0,0,1.000728192,10.27689559,,60.96310636,27.75926986,
Uruguay,URY,1904,0,0,0.892366398,11.71434972,,58.34989907,29.04338481,
Uruguay,URY,1905,0,0,1.144594232,11.7298913,,56.94185838,30.18365609,
Uruguay,URY,1906,0,0,1.375508629,15.7756823,,50.53989981,32.30890926,
Uruguay,URY,1907,0,0,1.439365409,17.20815748,,48.92973636,32.42274075,
Uruguay,URY,1908,0,0,1.229360686,16.6954603,,58.74282416,23.33235486,
Uruguay,URY,1909,0,0,1.580193203,16.63866842,,53.86574424,27.91539414,
Uruguay,URY,1910,0,0,2.376279192,20.67006419,,43.98690645,32.96675017,
Uruguay,URY,1911,0,0,1.869146114,21.37145811,,48.46504228,28.2943535,
Uruguay,URY,1912,0,0,2.207640729,25.8639094,,43.27636891,28.65208096,
Uruguay,URY,1913,0,0,2.720151701,26.69711666,,40.31369578,30.26903586,
Uruguay,URY,1914,0,0,3.181663526,30.8131005,,35.64928395,30.35595203,
Uruguay,URY,1915,0,0,4.294584862,24.19419291,,36.37934063,35.13188159,
Uruguay,URY,1916,0,0,7.741672859,15.45869211,,50.82195206,25.97768297,
Uruguay,URY,1917,0,0,9.64195607,13.65125455,,44.85219076,31.85459862,
Uruguay,URY,1918,0,0,3.851041724,23.53939757,,40.54396746,32.06559325,
Uruguay,URY,1919,0,0,6.177287458,26.49643048,,34.76904728,32.55723478,
Uruguay,URY,1920,0,0,11.7069268,22.60623752,,36.43474731,29.25208837,
Uruguay,URY,1921,0,0,14.38571675,13.82882178,,41.65941998,30.12604148,
Uruguay,URY,1922,0,0,13.76126717,20.99311096,,39.33022494,25.91539692,
Uruguay,URY,1923,0,0,14.43860928,21.32340839,,37.98577021,26.25221212,
Uruguay,URY,1924,0,0,18.35352954,22.45730784,,34.31489848,24.87426414,
Uruguay,URY,1925,0,0,18.05950207,22.629979,,33.99809006,25.31242886,
Uruguay,URY,1926,0,0,19.3900974,18.51945033,,35.17731912,26.91313316,
Uruguay,URY,1927,0,0,24.05614801,21.33201791,,29.19226912,25.41956497,
Uruguay,URY,1928,0,0,29.70325564,17.63267655,,27.43944711,25.2246207,
Uruguay,URY,1929,0,0,28.21124534,23.693669,,24.23683153,23.85825413,
Uruguay,URY,1930,0,0,34.17446932,18.32504389,,25.61821977,21.88226702,
Uruguay,URY,1931,0,0,29.35346382,20.93062713,,28.12992206,21.58598699,
Uruguay,URY,1932,0,0,26.10565781,18.75374398,,30.35170175,24.78889646,
Uruguay,URY,1933,0,0,18.19778274,24.66061807,,26.67143237,30.47016682,
Uruguay,URY,1934,0,0,27.93724828,21.3525596,,22.69684294,28.01334918,
Uruguay,URY,1935,0,0,27.12118192,25.81662748,,16.85029456,30.21189605,
Uruguay,URY,1936,0,0,30.80838984,23.6662066,,15.76092335,29.76448021,
Uruguay,URY,1937,0,0,37.23899527,22.05201041,,13.61881644,27.09017789,
Uruguay,URY,1938,0,0,36.70671343,21.36983838,,13.98934501,27.93410317,
Uruguay,URY,1939,0,0,41.79387146,22.22692521,,11.97444244,24.00476089,
Uruguay,URY,1940,0,0,39.85790394,25.32139268,,11.55784088,23.2628625,
Uruguay,URY,1941,0,0,43.34754866,20.88618698,,12.52592213,23.24034223,
Uruguay,URY,1942,0,0,40.48079971,17.51792516,,15.495874,26.50540112,
Uruguay,URY,1943,0,0,28.2840089,28.08183163,,16.93189178,26.7022677,
Uruguay,URY,1944,0,0,34.96461442,22.16913461,,16.94035023,25.92590075,
Uruguay,URY,1945,0,0,36.65656606,24.20016962,,15.74301736,23.38228419,
Uruguay,URY,1946,1.030695501,0,50.18039168,11.34728676,,15.33569763,22.10592842,
Uruguay,URY,1947,2.765225154,0,52.97010142,8.171970784,,15.2709507,20.82175194,
Uruguay,URY,1948,2.880295143,0,55.65052278,8.241311772,,14.5106507,18.7172196,
Uruguay,URY,1949,3.388555816,0,56.38114928,7.916394767,,14.55296195,17.76093819,
Uruguay,URY,1950,3.530491577,0,57.02131049,8.053497025,,14.56922532,16.82547559,
Uruguay,URY,1951,2.422228701,0,60.76695841,8.032802201,,13.74992904,15.02808165,
Uruguay,URY,1952,3.139750294,0,63.03513974,5.060156413,,14.23220302,14.53275054,
Uruguay,URY,1953,3.419045047,0,64.09965272,4.952352914,,14.08129079,13.44765853,
Uruguay,URY,1954,3.734007439,0,64.39049618,4.877611092,,14.25384505,12.74404024,
Uruguay,URY,1955,3.650880663,0,63.99121969,5.654864738,,14.52937301,12.1736619,
Uruguay,URY,1956,2.582540759,0,67.74106371,4.495225938,,14.0996983,11.0814713,
Uruguay,URY,1957,2.699020294,0,68.13171735,4.136318582,,14.4340832,10.59886058,
Uruguay,URY,1958,3.786905845,0,65.93480495,4.475328892,,15.30206582,10.5008945,
Uruguay,URY,1959,1.203914833,0,72.2111079,2.119583972,,14.9041962,9.561197095,
Uruguay,URY,1960,3.23577831,0,67.29145411,3.836195598,,16.02426166,9.612310317,
Uruguay,URY,1961,5.13570685,0,65.30712715,2.793021484,,17.14481944,9.61932508,
Uruguay,URY,1962,3.720665045,0,69.11742574,2.239514839,,16.35894379,8.563450584,
Uruguay,URY,1963,5.07536004,0,66.29907283,2.504475383,,17.54815439,8.57293736,
Uruguay,URY,1964,5.179328671,0,69.59882164,1.543256088,,16.26209331,7.41650029,
Uruguay,URY,1965,2.325415823,0,73.02889587,1.399678857,,16.50823766,6.737771793,
Uruguay,URY,1966,5.234836348,0,70.97852072,1.155573833,,16.18672218,6.444346916,
Uruguay,URY,1967,5.163135744,0,69.92020669,1.378352538,,16.8996029,6.63870213,
Uruguay,URY,1968,4.682074666,0,69.58503101,1.16697522,,17.77393027,6.791988833,
Uruguay,URY,1969,4.08058163,0,72.09788903,1.004919357,,16.64859904,6.168010945,
Uruguay,URY,1970,4.421470105,0,73.13198034,1.064877873,,15.83955224,5.54211944,
Uruguay,URY,1971,5.381507272,0,71.57364479,1.015535788,,16.37343357,5.65587858,
Uruguay,URY,1972,3.486240831,0,74.22378001,0.933603477,,16.03276857,5.323607113,
Uruguay,URY,1973,5.725533379,0,70.70582995,0.832957832,,16.99991211,5.73576673,
Uruguay,URY,1974,4.877010651,0,71.95054672,0.883753608,,16.66039209,5.628296934,
Uruguay,URY,1975,4.013203438,0,72.34810191,0.917419114,,17.11168515,5.609590382,
Uruguay,URY,1976,4.247724419,0,72.32620639,0.779871119,,17.1017423,5.544455776,
Uruguay,URY,1977,5.359591954,0,70.97416336,0.738311136,,17.40695462,5.520978924,
Uruguay,URY,1978,5.490669825,0,71.48754955,0.050020118,,17.48395493,5.487805582,
Uruguay,URY,1979,4.280894434,0,73.80271099,0.116685368,,16.55109015,5.248619056,
Uruguay,URY,1980,7.429056431,0,70.00598225,0.099054086,,17.13635683,5.329550401,
Uruguay,URY,1981,8.650186217,0,66.65619999,0.056984099,,19.25302756,5.383602138,
Uruguay,URY,1982,8.992586005,0,65.62124062,0,,19.67692792,5.684608238,
Uruguay,URY,1983,14.1638381,0,56.7928209,0,,22.83351836,6.205240364,
Uruguay,URY,1984,14.96506296,0,54.89647827,0,,24.01692119,6.112319797,
Uruguay,URY,1985,15.76834361,0,50.70652252,0,,27.19249641,6.318059638,
Uruguay,URY,1986,16.11621037,0,50.61087288,0,,27.48623751,5.773105788,
Uruguay,URY,1987,15.35459689,0,53.9151963,0,,25.49012318,5.227647412,
Uruguay,URY,1988,11.21893498,0,62.02742641,0,,21.85791803,4.883964795,
Uruguay,URY,1989,9.464771984,0,63.01039826,0,,22.58092808,4.931890537,
Uruguay,URY,1990,15.95337235,0,56.324325,0,,22.65420365,5.051502517,
Uruguay,URY,1991,14.58247286,0,58.57325976,0,,22.10726437,4.725227117,
Uruguay,URY,1992,13.89904369,0,61.21137416,0,,20.64369627,4.242322938,
Uruguay,URY,1993,16.39578205,0,57.84706363,0,,21.31187765,4.44150666,
Uruguay,URY,1994,20.36707595,0,52.97560893,0,,21.89674819,4.756487811,
Uruguay,URY,1995,18.80164266,0,57.66163172,0,,19.18166385,4.34377401,
Uruguay,URY,1996,16.33894384,0,63.80804983,0,,16.04729535,3.789140049,
Uruguay,URY,1997,18.81606408,0,60.45777713,0,,16.80437045,3.907985985,
Uruguay,URY,1998,19.36085212,0.057918454,62.62593732,0,,14.33159969,3.610821646,
Uruguay,URY,1999,15.60261831,0.590483334,66.98973175,0,,13.44855921,3.350531375,
Uruguay,URY,2000,19.72342842,0.943616181,62.92316399,0,,12.99785034,3.399606217,