Entity,Code,Year,"Outbound mobility ratio, all regions, both sexes (%) (%)"
Afghanistan,AFG,2003,11.8251895904541
Afghanistan,AFG,2004,11.481840133667
Afghanistan,AFG,2009,5.82507991790771
Afghanistan,AFG,2011,9.67016983032227
Albania,ALB,1998,12.8015203475952
Albania,ALB,1999,12.1681995391846
Albania,ALB,2000,14.521050453186
Albania,ALB,2001,18.0767498016357
Albania,ALB,2002,20.4175701141357
Albania,ALB,2003,26.3196697235107
Albania,ALB,2004,25.7385597229004
Albania,ALB,2005,24.0923595428467
Albania,ALB,2006,23.3657093048096
Albania,ALB,2007,22.9437808990479
Albania,ALB,2008,23.1722793579102
Albania,ALB,2009,24.408109664917
Albania,ALB,2010,19.4668807983398
Albania,ALB,2011,18.8786792755127
Albania,ALB,2012,15.2139196395874
Albania,ALB,2013,13.9556798934937
Algeria,DZA,1999,3.83734011650085
Algeria,DZA,2001,2.81754994392395
Algeria,DZA,2002,2.75816011428833
Algeria,DZA,2003,3.11738991737366
Algeria,DZA,2004,3.44281005859375
Algeria,DZA,2005,3.12697005271912
Algeria,DZA,2006,3.05790996551514
Algeria,DZA,2007,2.55855989456177
Algeria,DZA,2009,1.9592399597168
Algeria,DZA,2010,1.99690997600555
Algeria,DZA,2011,2.01602005958557
Algeria,DZA,2012,2.0409300327301
Algeria,DZA,2013,1.65223002433777
Andorra,AND,2002,267.228454589844
Andorra,AND,2003,293.137237548828
Andorra,AND,2004,369.788513183594
Andorra,AND,2005,317.236846923828
Andorra,AND,2006,76.034912109375
Andorra,AND,2008,261.350769042969
Andorra,AND,2012,267.413452148438
Andorra,AND,2013,218.855285644531
Angola,AGO,1998,62.2885894775391
Angola,AGO,1999,68.1070709228516
Angola,AGO,2002,48.1656913757324
Angola,AGO,2003,14.1911001205444
Angola,AGO,2004,18.7117004394531
Angola,AGO,2005,16.6445293426514
Angola,AGO,2006,16.9787902832031
Angola,AGO,2011,5.63340997695923
Angola,AGO,2013,3.17640995979309
Antigua and Barbuda,ATG,2009,64.8666000366211
Antigua and Barbuda,ATG,2010,56.5811996459961
Antigua and Barbuda,ATG,2011,58.7369613647461
Antigua and Barbuda,ATG,2012,30.9988803863525
Arab World,,1997,4.12284994125366
Arab World,,1998,3.7892599105835
Arab World,,1999,3.43269991874695
Arab World,,2000,3.45303010940552
Arab World,,2001,3.3877100944519
Arab World,,2002,3.47072005271912
Arab World,,2003,3.58957004547119
Arab World,,2004,3.35510993003845
Arab World,,2005,3.19501996040344
Arab World,,2006,3.13643002510071
Arab World,,2007,3.04317998886108
Arab World,,2008,3.07477998733521
Arab World,,2009,3.14963006973267
Arab World,,2010,3.21635007858276
Arab World,,2011,3.49246001243591
Arab World,,2012,3.5869300365448
Arab World,,2013,3.63486003875732
Argentina,ARG,1998,0.374509990215302
Argentina,ARG,1999,0.366169989109039
Argentina,ARG,2000,0.389759987592697
Argentina,ARG,2001,0.358319997787476
Argentina,ARG,2002,0.392639994621277
Argentina,ARG,2003,0.451810002326965
Argentina,ARG,2004,0.392850011587143
Argentina,ARG,2005,0.397430002689362
Argentina,ARG,2006,0.37814000248909
Argentina,ARG,2007,0.377909988164902
Argentina,ARG,2008,0.40667000412941
Argentina,ARG,2009,0.378450006246567
Argentina,ARG,2010,0.38688999414444
Argentina,ARG,2011,0.350309997797012
Argentina,ARG,2012,0.296070009469986
Armenia,ARM,1998,2.20233011245728
Armenia,ARM,1999,2.04606008529663
Armenia,ARM,2000,2.14141011238098
Armenia,ARM,2001,2.67494988441467
Armenia,ARM,2002,2.3364200592041
Armenia,ARM,2003,3.00407004356384
Armenia,ARM,2004,2.64827990531921
Armenia,ARM,2005,2.96816992759705
Armenia,ARM,2006,2.94159007072449
Armenia,ARM,2007,2.88339996337891
Armenia,ARM,2008,3.7466299533844
Armenia,ARM,2009,3.70459008216858
Armenia,ARM,2010,4.28879022598267
Armenia,ARM,2011,4.88245010375977
Armenia,ARM,2012,5.54102993011475
Armenia,ARM,2013,5.63566017150879
Aruba,ABW,1999,5.60165977478027
Aruba,ABW,2000,7.92142009735107
Aruba,ABW,2001,6.70884990692139
Aruba,ABW,2002,17.4623107910156
Aruba,ABW,2003,5.68181991577148
Aruba,ABW,2004,11.8544597625732
Aruba,ABW,2005,5.28014993667603
Aruba,ABW,2006,6.75263023376465
Aruba,ABW,2007,6.3888897895813
Aruba,ABW,2008,3.84180998802185
Aruba,ABW,2009,9.09228992462158
Aruba,ABW,2010,17.0815505981445
Aruba,ABW,2011,5.11992979049683
Aruba,ABW,2012,4.04426002502441
Australia,AUS,1998,0.581130027770996
Australia,AUS,1999,0.621659994125366
Australia,AUS,2000,0.64776998758316
Australia,AUS,2001,0.618319988250732
Australia,AUS,2002,0.577329993247986
Australia,AUS,2003,0.633910000324249
Australia,AUS,2004,0.893869996070862
Australia,AUS,2005,0.92493999004364
Australia,AUS,2006,0.940900027751923
Australia,AUS,2007,0.949029982089996
Australia,AUS,2008,0.877960026264191
Australia,AUS,2009,0.853690028190613
Australia,AUS,2010,0.832660019397736
Australia,AUS,2011,0.816100001335144
Australia,AUS,2012,0.812449991703033
Australia,AUS,2013,0.837819993495941
Austria,AUT,1998,4.67600011825562
Austria,AUT,1999,4.64307022094727
Austria,AUT,2000,4.54086017608643
Austria,AUT,2001,4.52199983596802
Austria,AUT,2002,5.62984991073608
Austria,AUT,2003,5.65606021881104
Austria,AUT,2004,5.10061979293823
Austria,AUT,2005,4.73632001876831
Austria,AUT,2006,3.92609000205994
Austria,AUT,2007,4.01512002944946
Austria,AUT,2008,3.59296989440918
Austria,AUT,2009,3.75830006599426
Austria,AUT,2010,3.65950989723206
Austria,AUT,2011,3.83525991439819
Austria,AUT,2012,4.0428900718689
Austria,AUT,2013,3.69739007949829
Azerbaijan,AZE,2006,2.51746988296509
Azerbaijan,AZE,2007,2.65602993965149
Azerbaijan,AZE,2008,4.01905012130737
Azerbaijan,AZE,2009,5.58064985275269
Azerbaijan,AZE,2010,7.91048002243042
Azerbaijan,AZE,2011,10.5041103363037
Azerbaijan,AZE,2012,9.08743000030518
Bahrain,BHR,1999,17.2338905334473
Bahrain,BHR,2003,13.2187204360962
Bahrain,BHR,2005,17.7034091949463
Bahrain,BHR,2006,18.6536598205566
Bahrain,BHR,2011,12.2967901229858
Bahrain,BHR,2012,13.1526699066162
Bangladesh,BGD,1999,1.01082003116608
Bangladesh,BGD,2000,1.08814001083374
Bangladesh,BGD,2001,1.07173001766205
Bangladesh,BGD,2002,1.35322999954224
Bangladesh,BGD,2003,1.75297999382019
Bangladesh,BGD,2004,1.76371002197266
Bangladesh,BGD,2005,1.58183002471924
Bangladesh,BGD,2006,1.37858998775482
Bangladesh,BGD,2007,1.37569999694824
Bangladesh,BGD,2008,1.28301000595093
Bangladesh,BGD,2009,1.22277998924255
Bangladesh,BGD,2011,1.12575995922089
Bangladesh,BGD,2012,1.1138299703598
Barbados,BRB,1999,18.2357196807861
Barbados,BRB,2000,17.7421398162842
Barbados,BRB,2001,17.3349990844727
Barbados,BRB,2007,13.3586101531982
Barbados,BRB,2009,9.73610973358154
Barbados,BRB,2010,9.71735000610352
Barbados,BRB,2011,9.94005012512207
Belarus,BLR,1998,1.68849003314972
Belarus,BLR,1999,1.60605001449585
Belarus,BLR,2000,1.62323999404907
Belarus,BLR,2001,1.48124003410339
Belarus,BLR,2002,1.8043600320816
Belarus,BLR,2003,1.55386996269226
Belarus,BLR,2004,2.08728003501892
Belarus,BLR,2005,2.14058995246887
Belarus,BLR,2006,2.2641499042511
Belarus,BLR,2007,2.66569995880127
Belarus,BLR,2008,5.46834993362427
Belarus,BLR,2009,5.15120983123779
Belarus,BLR,2010,6.12606000900269
Belarus,BLR,2011,6.91290998458862
Belarus,BLR,2012,7.08018016815186
Belarus,BLR,2013,6.38568019866943
Belgium,BEL,1999,2.75251007080078
Belgium,BEL,2000,2.84097003936768
Belgium,BEL,2001,2.93848991394043
Belgium,BEL,2002,2.96536993980408
Belgium,BEL,2003,3.17329001426697
Belgium,BEL,2004,2.61217999458313
Belgium,BEL,2005,2.55766010284424
Belgium,BEL,2006,2.64722990989685
Belgium,BEL,2007,2.68854999542236
Belgium,BEL,2008,2.44848990440369
Belgium,BEL,2009,2.44916009902954
Belgium,BEL,2010,2.52326989173889
Belgium,BEL,2011,2.64843010902405
Belgium,BEL,2012,2.77507996559143
Belgium,BEL,2013,3.3441801071167
Belize,BLZ,2001,18.4827995300293
Belize,BLZ,2002,15.9156398773193
Belize,BLZ,2003,17.7224903106689
Belize,BLZ,2004,19.4687900543213
Belize,BLZ,2005,17.4935703277588
Belize,BLZ,2006,16.069860458374
Belize,BLZ,2007,14.1025495529175
Belize,BLZ,2008,15.0872001647949
Belize,BLZ,2009,12.7100200653076
Belize,BLZ,2010,12.3715801239014
Belize,BLZ,2011,11.644510269165
Belize,BLZ,2012,9.45048046112061
Belize,BLZ,2013,8.91018009185791
Benin,BEN,1999,12.443699836731
Benin,BEN,2000,11.3312196731567
Benin,BEN,2001,9.56293964385986
Benin,BEN,2002,8.73915958404541
Benin,BEN,2003,9.32691955566406
Benin,BEN,2004,9.24083995819092
Benin,BEN,2005,9.48416996002197
Benin,BEN,2006,8.69340991973877
Benin,BEN,2007,6.80067014694214
Benin,BEN,2008,6.75565004348755
Benin,BEN,2009,4.83544015884399
Benin,BEN,2010,3.59244990348816
Benin,BEN,2011,3.74100995063782
Bermuda,BMU,2006,89.6937103271484
Bermuda,BMU,2007,117.483810424805
Bermuda,BMU,2008,110.897438049316
Bermuda,BMU,2009,84.4070281982422
Bermuda,BMU,2010,93.9322280883789
Bermuda,BMU,2011,93.0273666381836
Bermuda,BMU,2012,112.128326416016
Bermuda,BMU,2013,131.860458374023
Bhutan,BTN,1999,56.9979705810547
Bhutan,BTN,2005,27.4247093200684
Bhutan,BTN,2006,27.9790592193604
Bhutan,BTN,2007,29.9116897583008
Bhutan,BTN,2008,28.9210090637207
Bhutan,BTN,2009,36.6653099060059
Bhutan,BTN,2010,38.1263313293457
Bhutan,BTN,2011,32.927318572998
Bhutan,BTN,2012,45.4527015686035
Bhutan,BTN,2013,40.4692192077637
Bolivia,BOL,1998,1.03126001358032
Bolivia,BOL,1999,0.93190997838974
Bolivia,BOL,2000,0.916689991950989
Bolivia,BOL,2001,0.926689982414246
Bolivia,BOL,2002,1.02313005924225
Bolivia,BOL,2003,1.05463004112244
Bolivia,BOL,2004,0.959689974784851
Bolivia,BOL,2007,2.56755995750427
Bosnia and Herzegovina,BIH,2000,24.2725601196289
Bosnia and Herzegovina,BIH,2001,23.9728107452393
Bosnia and Herzegovina,BIH,2002,20.9186096191406
Bosnia and Herzegovina,BIH,2003,22.5261096954346
Bosnia and Herzegovina,BIH,2004,20.3973407745361
Bosnia and Herzegovina,BIH,2005,19.5648593902588
Bosnia and Herzegovina,BIH,2006,16.0327491760254
Bosnia and Herzegovina,BIH,2007,14.8724203109741
Bosnia and Herzegovina,BIH,2008,14.5968103408813
Bosnia and Herzegovina,BIH,2009,12.1189098358154
Bosnia and Herzegovina,BIH,2010,11.9001903533936
Bosnia and Herzegovina,BIH,2011,11.0861301422119
Bosnia and Herzegovina,BIH,2012,10.7318601608276
Bosnia and Herzegovina,BIH,2013,9.6478796005249
Botswana,BWA,1999,28.8066692352295
Botswana,BWA,2000,33.5464096069336
Botswana,BWA,2001,61.540699005127
Botswana,BWA,2002,67.9770812988281
Botswana,BWA,2003,48.1335296630859
Botswana,BWA,2004,53.0348510742188
Botswana,BWA,2005,43.1981582641602
Botswana,BWA,2006,36.3668403625488
Botswana,BWA,2007,23.2780799865723
Botswana,BWA,2008,15.5957202911377
Botswana,BWA,2009,21.1748790740967
Botswana,BWA,2010,21.3126792907715
Botswana,BWA,2011,16.8344993591309
Botswana,BWA,2013,7.97002983093262
Brazil,BRA,1998,0.725899994373322
Brazil,BRA,1999,0.66210001707077
Brazil,BRA,2000,0.621079981327057
Brazil,BRA,2001,0.558719992637634
Brazil,BRA,2002,0.545310020446777
Brazil,BRA,2003,0.502879977226257
Brazil,BRA,2004,0.451099991798401
Brazil,BRA,2005,0.424809992313385
Brazil,BRA,2007,0.408369988203049
Brazil,BRA,2008,0.386070013046265
Brazil,BRA,2009,0.429069995880127
Brazil,BRA,2010,0.423539996147156
Brazil,BRA,2011,0.421660006046295
Brazil,BRA,2012,0.417530000209808
Brazil,BRA,2013,0.437669992446899
Brunei,BRN,1998,71.7175216674805
Brunei,BRN,1999,60.0809707641602
Brunei,BRN,2000,54.6812210083008
Brunei,BRN,2001,45.181510925293
Brunei,BRN,2002,45.405158996582
Brunei,BRN,2003,42.5868911743164
Brunei,BRN,2004,39.6786689758301
Brunei,BRN,2005,49.1937103271484
Brunei,BRN,2006,42.3832015991211
Brunei,BRN,2007,48.3724517822266
Brunei,BRN,2008,51.8459091186523
Brunei,BRN,2009,51.2199096679688
Brunei,BRN,2010,57.565788269043
Brunei,BRN,2011,51.6939086914063
Brunei,BRN,2012,42.586368560791
Brunei,BRN,2013,38.255989074707
Bulgaria,BGR,1998,3.81630992889404
Bulgaria,BGR,1999,3.73115992546082
Bulgaria,BGR,2000,4.49793004989624
Bulgaria,BGR,2001,5.85311985015869
Bulgaria,BGR,2002,8.06906986236572
Bulgaria,BGR,2003,9.65482997894287
Bulgaria,BGR,2004,10.8036699295044
Bulgaria,BGR,2005,10.7922296524048
Bulgaria,BGR,2006,10.4688701629639
Bulgaria,BGR,2007,9.50605010986328
Bulgaria,BGR,2008,8.79386043548584
Bulgaria,BGR,2009,8.61931991577148
Bulgaria,BGR,2010,8.41205978393555
Bulgaria,BGR,2011,8.51519012451172
Bulgaria,BGR,2012,8.83047008514404
Bulgaria,BGR,2013,8.6719799041748
Burkina Faso,BFA,1999,13.1504402160645
Burkina Faso,BFA,2001,11.4014797210693
Burkina Faso,BFA,2002,10.639030456543
Burkina Faso,BFA,2003,10.6394901275635
Burkina Faso,BFA,2005,8.22933006286621
Burkina Faso,BFA,2006,8.84051036834717
Burkina Faso,BFA,2007,8.33473968505859
Burkina Faso,BFA,2008,7.00246000289917
Burkina Faso,BFA,2009,6.05605983734131
Burkina Faso,BFA,2010,6.43031978607178
Burkina Faso,BFA,2011,5.56424999237061
Burkina Faso,BFA,2012,5.051109790802
Burkina Faso,BFA,2013,4.91418981552124
Burundi,BDI,1998,19.6149501800537
Burundi,BDI,1999,17.232479095459
Burundi,BDI,2000,14.3427896499634
Burundi,BDI,2001,15.0850696563721
Burundi,BDI,2002,9.32623958587646
Burundi,BDI,2004,5.9719500541687
Burundi,BDI,2005,5.53446006774902
Burundi,BDI,2006,6.0362401008606
Burundi,BDI,2007,6.34933996200562
Burundi,BDI,2008,6.56943988800049
Burundi,BDI,2009,6.39000988006592
Burundi,BDI,2010,5.48925018310547
Burundi,BDI,2011,6.58003997802734
Burundi,BDI,2012,5.17320013046265
Burundi,BDI,2013,4.49278020858765
Cambodia,KHM,2000,7.52959012985229
Cambodia,KHM,2001,6.95221996307373
Cambodia,KHM,2002,6.07132005691528
Cambodia,KHM,2003,5.48268985748291
Cambodia,KHM,2004,5.41594982147217
Cambodia,KHM,2005,4.36518001556396
Cambodia,KHM,2006,2.78011989593506
Cambodia,KHM,2007,2.48534989356995
Cambodia,KHM,2008,2.26387000083923
Cambodia,KHM,2009,2.28621006011963
Cambodia,KHM,2010,2.1351900100708
Cambodia,KHM,2011,1.90505003929138
Cameroon,CMR,1999,14.5615997314453
Cameroon,CMR,2000,16.3117694854736
Cameroon,CMR,2001,16.6512298583984
Cameroon,CMR,2002,15.8123598098755
Cameroon,CMR,2003,17.7619590759277
Cameroon,CMR,2004,17.6141204833984
Cameroon,CMR,2005,15.8882503509521
Cameroon,CMR,2006,13.7731504440308
Cameroon,CMR,2007,13.2256002426147
Cameroon,CMR,2008,12.7711601257324
Cameroon,CMR,2009,11.3096303939819
Cameroon,CMR,2010,9.49306964874268
Cameroon,CMR,2011,9.41950035095215
Canada,CAN,1998,2.49025011062622
Canada,CAN,1999,2.48661994934082
Canada,CAN,2000,2.54623007774353
Cape Verde,CPV,1999,292.634552001953
Cape Verde,CPV,2000,258.685577392578
Cape Verde,CPV,2001,343.567260742188
Cape Verde,CPV,2002,163.68586730957
Cape Verde,CPV,2003,161.322143554688
Cape Verde,CPV,2004,131.022964477539
Cape Verde,CPV,2005,114.065521240234
Cape Verde,CPV,2006,107.347640991211
Cape Verde,CPV,2007,102.086410522461
Cape Verde,CPV,2008,51.3813018798828
Cape Verde,CPV,2009,39.0913581848145
Cape Verde,CPV,2010,31.8069801330566
Cape Verde,CPV,2011,26.1657600402832
Cape Verde,CPV,2012,26.4067802429199
Cape Verde,CPV,2013,35.4396514892578
Cayman Islands,CYM,1999,5.37974977493286
Cayman Islands,CYM,2000,3.97196006774902
Cayman Islands,CYM,2001,3.93701004981995
Cayman Islands,CYM,2002,17.2642803192139
Cayman Islands,CYM,2003,26.6666698455811
Cayman Islands,CYM,2006,63.3157005310059
Cayman Islands,CYM,2007,61.9808311462402
Cayman Islands,CYM,2008,39.0350914001465
Central African Republic,CAF,1999,8.97414970397949
Central African Republic,CAF,2000,17.2000598907471
Central African Republic,CAF,2004,15.1000499725342
Central African Republic,CAF,2006,20.8953304290771
Central African Republic,CAF,2008,10.1128797531128
Central African Republic,CAF,2009,8.21807956695557
Central African Republic,CAF,2010,10.2384300231934
Central African Republic,CAF,2011,7.69324016571045
Central African Republic,CAF,2012,8.17761039733887
Chad,TCD,1998,49.8228797912598
Chad,TCD,2000,40.7896995544434
Chad,TCD,2001,39.567310333252
Chad,TCD,2003,36.1437492370605
Chad,TCD,2004,26.4410495758057
Chad,TCD,2005,22.1409893035889
Chad,TCD,2008,17.4956092834473
Chad,TCD,2009,17.0967597961426
Chad,TCD,2010,16.19753074646
Chad,TCD,2011,15.960280418396
Chile,CHL,1998,1.12704002857208
Chile,CHL,1999,1.04123997688293
Chile,CHL,2000,1.12124001979828
Chile,CHL,2002,1.12792003154755
Chile,CHL,2003,1.2002899646759
Chile,CHL,2004,0.969569981098175
Chile,CHL,2005,1.15609002113342
Chile,CHL,2006,0.954919993877411
Chile,CHL,2007,0.819909989833832
Chile,CHL,2008,0.884530007839203
Chile,CHL,2009,0.940659999847412
Chile,CHL,2010,0.924109995365143
Chile,CHL,2011,0.928860008716583
Chile,CHL,2012,0.797609984874725
Chile,CHL,2013,0.76120001077652
China,CHN,1998,1.97298002243042
China,CHN,1999,1.9334499835968
China,CHN,2000,1.91777002811432
China,CHN,2001,1.76248002052307
China,CHN,2002,1.84868001937866
China,CHN,2003,2.05961990356445
China,CHN,2004,2.02266001701355
China,CHN,2005,1.95875000953674
China,CHN,2006,1.74345004558563
China,CHN,2007,1.69790005683899
China,CHN,2008,1.72298002243042
China,CHN,2009,1.76590001583099
China,CHN,2010,1.83135998249054
China,CHN,2011,2.07814002037048
China,CHN,2012,2.12965989112854
China,CHN,2013,2.08896994590759
Colombia,COL,1998,1.11963999271393
Colombia,COL,1999,1.15190005302429
Colombia,COL,2000,1.28831994533539
Colombia,COL,2001,1.33914005756378
Colombia,COL,2002,1.69573998451233
Colombia,COL,2004,1.5692800283432
Colombia,COL,2005,1.44992005825043
Colombia,COL,2006,1.33522999286652
Colombia,COL,2007,1.33934998512268
Colombia,COL,2008,1.35196995735168
Colombia,COL,2009,1.40700995922089
Colombia,COL,2010,1.45670998096466
Colombia,COL,2011,1.38609004020691
Colombia,COL,2012,1.28252005577087
Colombia,COL,2013,1.20939004421234
Comoros,COM,1999,361.941436767578
Comoros,COM,2000,324.754913330078
Comoros,COM,2003,142.703842163086
Comoros,COM,2007,118.350250244141
Comoros,COM,2009,79.318489074707
Comoros,COM,2010,95.5912017822266
Comoros,COM,2011,71.0596694946289
Comoros,COM,2012,70.5280990600586
Comoros,COM,2013,67.0844192504883
Congo,COG,1999,49.8086395263672
Congo,COG,2000,33.8233413696289
Congo,COG,2001,39.6068000793457
Congo,COG,2002,49.6850509643555
Congo,COG,2003,53.9772605895996
Congo,COG,2009,35.9259796142578
Congo,COG,2011,27.6497402191162
Congo,COG,2012,23.3765392303467
Congo,COG,2013,21.7828807830811
Costa Rica,CRI,2004,1.49407994747162
Costa Rica,CRI,2011,1.0391800403595
Costa Rica,CRI,2012,1.03132998943329
Costa Rica,CRI,2013,1.03454005718231
Cote d'Ivoire,CIV,1999,4.31211996078491
Cote d'Ivoire,CIV,2007,4.1582498550415
Cote d'Ivoire,CIV,2009,4.43319988250732
Cote d'Ivoire,CIV,2010,4.97700977325439
Cote d'Ivoire,CIV,2012,9.55634021759033
Cote d'Ivoire,CIV,2013,4.15471982955933
Croatia,HRV,1998,12.641489982605
Croatia,HRV,1999,11.8845701217651
Croatia,HRV,2000,12.6093997955322
Croatia,HRV,2001,12.0891599655151
Croatia,HRV,2002,11.5010404586792
Croatia,HRV,2003,11.024359703064
Croatia,HRV,2004,10.7374095916748
Croatia,HRV,2005,9.95458984375
Croatia,HRV,2006,6.49385976791382
Croatia,HRV,2007,6.37974977493286
Croatia,HRV,2008,6.60963010787964
Croatia,HRV,2009,7.0793399810791
Croatia,HRV,2010,6.65030002593994
Croatia,HRV,2011,6.46295022964478
Croatia,HRV,2012,5.75469017028809
Cuba,CUB,1998,1.26965999603271
Cuba,CUB,1999,0.863399982452393
Cuba,CUB,2000,1.05751001834869
Cuba,CUB,2001,0.903779983520508
Cuba,CUB,2002,0.724919974803925
Cuba,CUB,2003,0.736029982566834
Cuba,CUB,2004,0.302370011806488
Cuba,CUB,2005,0.271970003843308
Cuba,CUB,2006,0.202390000224113
Cuba,CUB,2007,0.166759997606277
Cuba,CUB,2008,0.161249995231628
Cuba,CUB,2009,0.180720001459122
Cuba,CUB,2010,0.264519989490509
Cuba,CUB,2011,0.320760011672974
Cuba,CUB,2012,0.392399996519089
Cuba,CUB,2013,0.487360000610352
Cyprus,CYP,1999,124.940048217773
Cyprus,CYP,2000,159.587249755859
Cyprus,CYP,2001,139.053909301758
Cyprus,CYP,2002,101.064483642578
Cyprus,CYP,2003,93.2273406982422
Cyprus,CYP,2004,91.2345886230469
Cyprus,CYP,2005,106.355209350586
Cyprus,CYP,2006,93.5007476806641
Cyprus,CYP,2007,103.828681945801
Cyprus,CYP,2008,94.9301910400391
Cyprus,CYP,2009,83.0509490966797
Cyprus,CYP,2010,83.9486389160156
Cyprus,CYP,2011,84.0012283325195
Cyprus,CYP,2012,84.5067977905273
Czech Republic,CZE,1998,1.90428996086121
Czech Republic,CZE,1999,1.7956600189209
Czech Republic,CZE,2000,1.79391002655029
Czech Republic,CZE,2001,2.02853989601135
Czech Republic,CZE,2002,2.14359998703003
Czech Republic,CZE,2003,2.40060997009277
Czech Republic,CZE,2004,2.10543990135193
Czech Republic,CZE,2005,2.04609990119934
Czech Republic,CZE,2006,2.05171990394592
Czech Republic,CZE,2007,1.99101996421814
Czech Republic,CZE,2008,2.39515995979309
Czech Republic,CZE,2009,2.52921009063721
Czech Republic,CZE,2010,2.61811995506287
Czech Republic,CZE,2011,2.66820001602173
Czech Republic,CZE,2012,2.74584007263184
Czech Republic,CZE,2013,2.9290599822998
Democratic Republic of Congo,COD,1999,7.34823989868164
Democratic Republic of Congo,COD,2006,1.36056995391846
Democratic Republic of Congo,COD,2007,1.37812995910645
Democratic Republic of Congo,COD,2008,1.23653995990753
Democratic Republic of Congo,COD,2009,1.08125996589661
Democratic Republic of Congo,COD,2011,1.10689997673035
Democratic Republic of Congo,COD,2012,1.30141997337341
Democratic Republic of Congo,COD,2013,1.30940997600555
Denmark,DNK,1998,3.36217999458313
Denmark,DNK,1999,3.38088011741638
Denmark,DNK,2000,3.48034000396729
Denmark,DNK,2001,3.29493999481201
Denmark,DNK,2002,3.38988995552063
Denmark,DNK,2003,3.34929990768433
Denmark,DNK,2004,2.51241993904114
Denmark,DNK,2005,2.33186006546021
Denmark,DNK,2006,2.26276993751526
Denmark,DNK,2007,2.18811011314392
Denmark,DNK,2008,2.15250992774963
Denmark,DNK,2009,2.20911002159119
Denmark,DNK,2010,2.21504998207092
Denmark,DNK,2011,2.34193992614746
Denmark,DNK,2012,2.12139010429382
Denmark,DNK,2013,1.80445003509521
Djibouti,DJI,1999,670.857116699219
Djibouti,DJI,2000,649.166687011719
Djibouti,DJI,2001,277.289642333984
Djibouti,DJI,2002,217.090194702148
Djibouti,DJI,2003,191.13737487793
Djibouti,DJI,2004,164.718612670898
Djibouti,DJI,2005,125.846908569336
Djibouti,DJI,2006,128.638565063477
Djibouti,DJI,2007,70.3256988525391
Djibouti,DJI,2008,61.241771697998
Djibouti,DJI,2009,55.6552200317383
Djibouti,DJI,2010,55.598030090332
Djibouti,DJI,2011,39.2960815429688
Dominican Republic,DOM,2003,0.708010017871857
Dominican Republic,DOM,2012,0.77538001537323
East Asia & Pacific,,1997,1.95908999443054
East Asia & Pacific,,1998,1.84062004089355
East Asia & Pacific,,1999,1.67307996749878
East Asia & Pacific,,2000,1.62645995616913
East Asia & Pacific,,2001,1.56488001346588
East Asia & Pacific,,2002,1.67146003246307
East Asia & Pacific,,2003,1.81361997127533
East Asia & Pacific,,2004,1.78004002571106
East Asia & Pacific,,2005,1.74231004714966
East Asia & Pacific,,2006,1.62084996700287
East Asia & Pacific,,2007,1.61257994174957
East Asia & Pacific,,2008,1.64339995384216
East Asia & Pacific,,2009,1.69193994998932
East Asia & Pacific,,2010,1.73027002811432
East Asia & Pacific,,2011,1.86785995960236
East Asia & Pacific,,2012,1.86223995685577
East Asia & Pacific,,2013,1.83457005023956
East Asia & Pacific (all income levels),,1997,2.1345899105072
East Asia & Pacific (all income levels),,1998,2.06038999557495
East Asia & Pacific (all income levels),,1999,1.96896994113922
East Asia & Pacific (all income levels),,2000,1.85881996154785
East Asia & Pacific (all income levels),,2001,1.80415999889374
East Asia & Pacific (all income levels),,2002,1.92992997169495
East Asia & Pacific (all income levels),,2003,2.03481006622314
East Asia & Pacific (all income levels),,2004,1.98126995563507
East Asia & Pacific (all income levels),,2005,1.94545996189117
East Asia & Pacific (all income levels),,2006,1.82274997234344
East Asia & Pacific (all income levels),,2007,1.8116500377655
East Asia & Pacific (all income levels),,2008,1.8298499584198
East Asia & Pacific (all income levels),,2009,1.86644995212555
East Asia & Pacific (all income levels),,2010,1.87941002845764
East Asia & Pacific (all income levels),,2011,1.97803997993469
East Asia & Pacific (all income levels),,2012,1.95334005355835
East Asia & Pacific (all income levels),,2013,1.92042005062103
Ecuador,ECU,2008,1.6381299495697
Ecuador,ECU,2012,1.90615999698639
Egypt,EGY,1999,0.42315000295639
Egypt,EGY,2001,0.458070009946823
Egypt,EGY,2002,0.433230012655258
Egypt,EGY,2003,0.4617800116539
Egypt,EGY,2004,0.423680007457733
Egypt,EGY,2005,0.40896001458168
Egypt,EGY,2006,0.41525000333786
Egypt,EGY,2007,0.437059998512268
Egypt,EGY,2008,0.484820008277893
Egypt,EGY,2009,0.494150012731552
Egypt,EGY,2010,0.541419982910156
Egypt,EGY,2011,0.656120002269745
Egypt,EGY,2012,0.70686000585556
Egypt,EGY,2013,0.796949982643127
El Salvador,SLV,1998,0.987030029296875
El Salvador,SLV,1999,0.968850016593933
El Salvador,SLV,2000,1.47722005844116
El Salvador,SLV,2001,1.64356994628906
El Salvador,SLV,2002,1.8926899433136
El Salvador,SLV,2003,2.13381004333496
El Salvador,SLV,2004,1.75952005386353
El Salvador,SLV,2005,1.79799997806549
El Salvador,SLV,2006,1.85268998146057
El Salvador,SLV,2007,2.03997993469238
El Salvador,SLV,2008,1.9585599899292
El Salvador,SLV,2009,2.09903001785278
El Salvador,SLV,2010,2.10949993133545
El Salvador,SLV,2011,1.44280004501343
El Salvador,SLV,2012,1.78971004486084
El Salvador,SLV,2013,1.74292004108429
Equatorial Guinea,GNQ,2000,100.398803710938
Eritrea,ERI,1998,19.4121398925781
Eritrea,ERI,1999,15.5984001159668
Eritrea,ERI,2000,17.708589553833
Eritrea,ERI,2001,15.3264303207397
Eritrea,ERI,2002,18.1153697967529
Eritrea,ERI,2004,17.7166309356689
Eritrea,ERI,2009,8.48503017425537
Eritrea,ERI,2010,8.59350967407227
Estonia,EST,1998,6.761549949646
Estonia,EST,1999,6.54834985733032
Estonia,EST,2000,6.39816999435425
Estonia,EST,2001,6.89002990722656
Estonia,EST,2002,5.91981983184814
Estonia,EST,2003,6.44871997833252
Estonia,EST,2004,5.32675981521606
Estonia,EST,2005,5.3078498840332
Estonia,EST,2006,5.00644016265869
Estonia,EST,2007,4.75155019760132
Estonia,EST,2008,5.17173004150391
Estonia,EST,2009,5.53043985366821
Estonia,EST,2010,5.82005977630615
Estonia,EST,2011,6.22840976715088
Estonia,EST,2012,6.69160985946655
Estonia,EST,2013,6.43710994720459
Ethiopia,ETH,1998,7.57562017440796
Ethiopia,ETH,1999,6.72402000427246
Ethiopia,ETH,2000,5.29771995544434
Ethiopia,ETH,2001,3.76301002502441
Ethiopia,ETH,2002,3.26298999786377
Ethiopia,ETH,2003,2.3165500164032
Ethiopia,ETH,2004,1.99509000778198
Ethiopia,ETH,2005,1.85764002799988
Ethiopia,ETH,2008,1.25479996204376
Ethiopia,ETH,2009,1.27207005023956
Ethiopia,ETH,2010,0.936360001564026
Ethiopia,ETH,2011,1.07175004482269
Ethiopia,ETH,2012,0.822099983692169
Euro area,,1997,3.26945996284485
Euro area,,1998,3.23730993270874
Euro area,,1999,3.2896900177002
Euro area,,2000,3.33212995529175
Euro area,,2001,3.26341009140015
Euro area,,2002,3.20388007164001
Euro area,,2003,3.23175001144409
Euro area,,2004,2.80644011497498
Euro area,,2005,2.85647988319397
Euro area,,2006,2.80365991592407
Euro area,,2007,2.93261003494263
Euro area,,2008,2.82341003417969
Euro area,,2009,3.06921005249023
Euro area,,2010,3.2645800113678
Euro area,,2011,3.39942002296448
Euro area,,2012,3.56645011901855
Euro area,,2013,3.70641994476318
Europe & Central Asia,,1997,3.22049999237061
Europe & Central Asia,,1998,3.19039011001587
Europe & Central Asia,,1999,3.17986989021301
Europe & Central Asia,,2000,3.16992998123169
Europe & Central Asia,,2001,3.07747006416321
Europe & Central Asia,,2002,3.23341989517212
Europe & Central Asia,,2003,3.11466002464294
Europe & Central Asia,,2004,3.11510992050171
Europe & Central Asia,,2005,3.15275001525879
Europe & Central Asia,,2006,2.80902004241943
Europe & Central Asia,,2007,2.85240006446838
Europe & Central Asia,,2008,3.32661008834839
Europe & Central Asia,,2009,3.21835994720459
Europe & Central Asia,,2010,3.38168001174927
Europe & Central Asia,,2011,3.62022995948792
Europe & Central Asia,,2012,3.56977009773254
Europe & Central Asia,,2013,3.50237989425659
Europe & Central Asia (all income levels),,1997,2.5941801071167
Europe & Central Asia (all income levels),,1998,2.53628993034363
Europe & Central Asia (all income levels),,1999,2.48194003105164
Europe & Central Asia (all income levels),,2000,2.43803000450134
Europe & Central Asia (all income levels),,2001,2.37491989135742
Europe & Central Asia (all income levels),,2002,2.36319994926453
Europe & Central Asia (all income levels),,2003,2.34130001068115
Europe & Central Asia (all income levels),,2004,2.17751002311707
Europe & Central Asia (all income levels),,2005,2.19061994552612
Europe & Central Asia (all income levels),,2006,2.08083009719849
Europe & Central Asia (all income levels),,2007,2.14791989326477
Europe & Central Asia (all income levels),,2008,2.24416995048523
Europe & Central Asia (all income levels),,2009,2.32918000221252
Europe & Central Asia (all income levels),,2010,2.47729992866516
Europe & Central Asia (all income levels),,2011,2.6488299369812
Europe & Central Asia (all income levels),,2012,2.74625992774963
Europe & Central Asia (all income levels),,2013,2.82113003730774
European Union,,1997,2.958899974823
European Union,,1998,2.91053009033203
European Union,,1999,2.85370993614197
European Union,,2000,2.85480999946594
European Union,,2001,2.8648099899292
European Union,,2002,2.84050011634827
European Union,,2003,2.904629945755
European Union,,2004,2.5664598941803
European Union,,2005,2.58502006530762
European Union,,2006,2.5131299495697
European Union,,2007,2.59713006019592
European Union,,2008,2.50588011741638
European Union,,2009,2.67669010162354
European Union,,2010,2.83014988899231
European Union,,2011,2.98916006088257
European Union,,2012,3.0968599319458
European Union,,2013,3.24622988700867
Fiji,FJI,2003,14.3438501358032
Fiji,FJI,2004,12.8373603820801
Fiji,FJI,2005,13.4780197143555
Finland,FIN,1998,3.78888988494873
Finland,FIN,1999,3.77496004104614
Finland,FIN,2000,3.78834009170532
Finland,FIN,2001,3.57937002182007
Finland,FIN,2002,3.62828993797302
Finland,FIN,2003,3.58653998374939
Finland,FIN,2004,2.02222990989685
Finland,FIN,2005,1.9137099981308
Finland,FIN,2006,1.96924996376038
Finland,FIN,2007,1.95563995838165
Finland,FIN,2008,2.09482002258301
Finland,FIN,2009,2.38320994377136
Finland,FIN,2010,2.43107008934021
Finland,FIN,2011,2.48650002479553
Finland,FIN,2012,2.63576006889343
Finland,FIN,2013,2.67354011535645
France,FRA,1998,2.30578994750977
France,FRA,1999,2.40116000175476
France,FRA,2000,2.50404000282288
France,FRA,2001,2.58979988098145
France,FRA,2002,2.75204992294312
France,FRA,2003,2.70654988288879
France,FRA,2004,2.15584993362427
France,FRA,2005,2.24715995788574
France,FRA,2006,2.42374992370605
France,FRA,2007,2.50568008422852
France,FRA,2008,2.12870001792908
France,FRA,2009,2.43671989440918
France,FRA,2010,2.54661011695862
France,FRA,2011,2.66148996353149
France,FRA,2012,2.77458000183105
France,FRA,2013,3.5951099395752
Gabon,GAB,1999,38.4049186706543
Gabon,GAB,2001,35.5163497924805
Gabon,GAB,2003,41.9998893737793
Georgia,GEO,1999,2.99776005744934
Georgia,GEO,2000,3.18670010566711
Georgia,GEO,2001,3.30971002578735
Georgia,GEO,2002,3.53371000289917
Georgia,GEO,2003,3.9040699005127
Georgia,GEO,2004,4.37319993972778
Georgia,GEO,2005,4.23169994354248
Georgia,GEO,2006,5.21162986755371
Georgia,GEO,2007,5.82892990112305
Georgia,GEO,2008,6.41043996810913
Georgia,GEO,2009,9.28061962127686
Georgia,GEO,2010,8.2651195526123
Georgia,GEO,2011,7.64465999603271
Georgia,GEO,2012,10.0280799865723
Georgia,GEO,2013,8.78514957427979
Germany,DEU,2013,4.28495979309082
Ghana,GHA,2005,6.98793983459473
Ghana,GHA,2006,7.23179006576538
Ghana,GHA,2007,5.49712991714478
Ghana,GHA,2008,4.0682201385498
Ghana,GHA,2009,3.84065008163452
Ghana,GHA,2011,3.10335993766785
Ghana,GHA,2012,2.97925996780396
Ghana,GHA,2013,2.49423003196716
Greece,GRC,1998,16.5879001617432
Greece,GRC,1999,17.2616901397705
Greece,GRC,2000,15.0777797698975
Greece,GRC,2001,12.9086503982544
Greece,GRC,2002,10.4229297637939
Greece,GRC,2003,8.99983024597168
Greece,GRC,2004,7.93159008026123
Greece,GRC,2005,6.44728994369507
Greece,GRC,2006,5.27599000930786
Greece,GRC,2007,5.30563020706177
Greece,GRC,2010,4.55347013473511
Greece,GRC,2011,4.44688987731934
Greece,GRC,2012,5.14384984970093
Grenada,GRD,2009,9.20915031433105
Guatemala,GTM,2002,1.99930000305176
Guatemala,GTM,2007,1.17552995681763
Guatemala,GTM,2013,0.95999002456665
Guinea,GIN,1998,22.2920703887939
Guinea,GIN,2004,16.3291091918945
Guinea,GIN,2005,13.1789903640747
Guinea,GIN,2006,9.01054000854492
Guinea,GIN,2007,6.16642999649048
Guinea,GIN,2008,5.64874982833862
Guinea,GIN,2009,5.50896978378296
Guinea,GIN,2010,5.79771995544434
Guinea,GIN,2011,6.03419017791748
Guinea,GIN,2012,6.00924015045166
Guinea,GIN,2013,5.16710996627808
Guinea-Bissau,GNB,2005,24.0337390899658
Guinea-Bissau,GNB,2006,24.198070526123
Guyana,GUY,2003,21.5896606445313
Guyana,GUY,2004,15.7291202545166
Guyana,GUY,2005,15.3405199050903
Guyana,GUY,2006,14.9452695846558
Guyana,GUY,2007,19.0314693450928
Guyana,GUY,2008,19.5401000976563
Guyana,GUY,2009,22.3610305786133
Guyana,GUY,2010,10.4673099517822
Guyana,GUY,2011,19.807580947876
Guyana,GUY,2012,17.2744693756104
Heavily indebted poor countries (HIPC),,1997,8.13866996765137
Heavily indebted poor countries (HIPC),,1998,7.69225978851318
Heavily indebted poor countries (HIPC),,1999,7.35556983947754
Heavily indebted poor countries (HIPC),,2000,6.9486198425293
Heavily indebted poor countries (HIPC),,2001,6.45246982574463
Heavily indebted poor countries (HIPC),,2002,6.41974020004272
Heavily indebted poor countries (HIPC),,2003,6.43413019180298
Heavily indebted poor countries (HIPC),,2004,5.84489011764526
Heavily indebted poor countries (HIPC),,2005,5.61768007278442
Heavily indebted poor countries (HIPC),,2006,5.31171989440918
Heavily indebted poor countries (HIPC),,2007,5.22339010238647
Heavily indebted poor countries (HIPC),,2008,4.84865999221802
Heavily indebted poor countries (HIPC),,2009,4.55029010772705
Heavily indebted poor countries (HIPC),,2010,4.27926015853882
Heavily indebted poor countries (HIPC),,2011,4.24350023269653
Heavily indebted poor countries (HIPC),,2012,4.01293992996216
Heavily indebted poor countries (HIPC),,2013,3.76028990745544
High income,,1997,1.78463995456696
High income,,1998,1.79533994197845
High income,,1999,1.78332996368408
High income,,2000,1.77351999282837
High income,,2001,1.76550996303558
High income,,2002,1.72832000255585
High income,,2003,1.72715997695923
High income,,2004,1.60737001895905
High income,,2005,1.61865997314453
High income,,2006,1.58980000019073
High income,,2007,1.63464999198914
High income,,2008,1.60791003704071
High income,,2009,1.67976999282837
High income,,2010,1.7094099521637
High income,,2011,1.75542998313904
High income,,2012,1.81278002262115
High income,,2013,1.90347003936768
Honduras,HND,1998,1.46075999736786
Honduras,HND,1999,1.34117996692657
Honduras,HND,2000,1.95983004570007
Honduras,HND,2001,1.74282002449036
Honduras,HND,2002,1.71057999134064
Honduras,HND,2003,1.62750005722046
Honduras,HND,2004,1.68058001995087
Honduras,HND,2008,1.73504996299744
Honduras,HND,2010,1.73918998241425
Honduras,HND,2012,1.77695000171661
Honduras,HND,2013,1.81958997249603
Hong Kong,HKG,2003,23.8385601043701
Hong Kong,HKG,2004,22.8546504974365
Hong Kong,HKG,2005,22.25412940979
Hong Kong,HKG,2006,20.2200603485107
Hong Kong,HKG,2007,17.0546092987061
Hong Kong,HKG,2008,13.3073902130127
Hong Kong,HKG,2009,13.0288000106812
Hong Kong,HKG,2010,12.3759899139404
Hong Kong,HKG,2011,11.5654697418213
Hong Kong,HKG,2012,11.3916501998901
Hong Kong,HKG,2013,10.5944299697876
Hungary,HUN,1998,2.61372995376587
Hungary,HUN,1999,2.31354999542236
Hungary,HUN,2000,2.26602005958557
Hungary,HUN,2001,2.23058009147644
Hungary,HUN,2002,2.23344993591309
Hungary,HUN,2003,2.11244988441467
Hungary,HUN,2004,1.78250002861023
Hungary,HUN,2005,1.7381500005722
Hungary,HUN,2006,1.61904001235962
Hungary,HUN,2007,1.66462004184723
Hungary,HUN,2008,1.6912499666214
Hungary,HUN,2009,1.88457000255585
Hungary,HUN,2010,2.07273006439209
Hungary,HUN,2011,2.11904001235962
Hungary,HUN,2012,2.06102991104126
Hungary,HUN,2013,2.37149000167847
Iceland,ISL,1998,29.6296291351318
Iceland,ISL,1999,28.7638893127441
Iceland,ISL,2000,25.4917297363281
Iceland,ISL,2001,24.2443199157715
Iceland,ISL,2002,25.8015995025635
Iceland,ISL,2003,22.5679397583008
Iceland,ISL,2004,15.206859588623
Iceland,ISL,2005,15.3864097595215
Iceland,ISL,2006,15.4602098464966
Iceland,ISL,2007,15.7306699752808
Iceland,ISL,2008,14.3727598190308
Iceland,ISL,2009,15.5663299560547
Iceland,ISL,2010,15.4922199249268
Iceland,ISL,2011,14.3138599395752
Iceland,ISL,2012,14.4012804031372
India,IND,2000,0.662890017032623
India,IND,2001,0.755209982395172
India,IND,2002,0.948199987411499
India,IND,2003,1.05288004875183
India,IND,2004,1.12924003601074
India,IND,2005,1.23995995521545
India,IND,2006,1.13235998153687
India,IND,2007,1.08653998374939
India,IND,2008,1.06701004505157
India,IND,2009,1.09844994544983
India,IND,2010,1.00634002685547
India,IND,2011,0.766369998455048
India,IND,2012,0.660839974880219
India,IND,2013,0.636879980564117
Indonesia,IDN,1998,1.03366005420685
Indonesia,IDN,1999,0.978209972381592
Indonesia,IDN,2000,1.11181998252869
Indonesia,IDN,2001,1.19646000862122
Indonesia,IDN,2002,1.24817001819611
Indonesia,IDN,2003,1.15339994430542
Indonesia,IDN,2004,0.959159970283508
Indonesia,IDN,2005,0.89411997795105
Indonesia,IDN,2006,0.848680019378662
Indonesia,IDN,2007,0.886370003223419
Indonesia,IDN,2008,0.792050004005432
Indonesia,IDN,2009,0.750519990921021
Indonesia,IDN,2010,0.743340015411377
Indonesia,IDN,2011,0.681529998779297
Indonesia,IDN,2012,0.574029982089996
Iran,IRN,1999,1.7624100446701
Iran,IRN,2000,1.54470002651215
Iran,IRN,2001,1.30524003505707
Iran,IRN,2002,1.33591997623444
Iran,IRN,2003,1.26809000968933
Iran,IRN,2004,1.18064999580383
Iran,IRN,2005,1.15851998329163
Iran,IRN,2006,1.00086998939514
Iran,IRN,2007,1.01221001148224
Iran,IRN,2008,0.951070010662079
Iran,IRN,2009,1.168830037117
Iran,IRN,2010,1.16470003128052
Iran,IRN,2011,1.2038300037384
Iran,IRN,2012,1.15947997570038
Iran,IRN,2013,1.14592003822327
Iraq,IRQ,1999,1.81026005744934
Iraq,IRQ,2000,1.72748994827271
Iraq,IRQ,2002,1.5952399969101
Iraq,IRQ,2004,1.04217004776001
Iraq,IRQ,2005,1.29244005680084
Ireland,IRL,1998,13.7447996139526
Ireland,IRL,1999,12.8433103561401
Ireland,IRL,2000,11.0963296890259
Ireland,IRL,2001,9.3624095916748
Ireland,IRL,2002,8.72412967681885
Ireland,IRL,2003,8.80533981323242
Ireland,IRL,2004,9.31425952911377
Ireland,IRL,2005,10.2816600799561
Ireland,IRL,2006,10.7022199630737
Ireland,IRL,2007,10.1979904174805
Ireland,IRL,2008,10.0777101516724
Ireland,IRL,2009,10.0936803817749
Ireland,IRL,2010,10.3136501312256
Ireland,IRL,2011,10.4656095504761
Ireland,IRL,2012,9.62434005737305
Israel,ISR,1998,4.26982021331787
Israel,ISR,1999,4.17547988891602
Israel,ISR,2000,5.47271013259888
Israel,ISR,2001,5.91501998901367
Israel,ISR,2002,4.12262010574341
Israel,ISR,2003,4.01773977279663
Israel,ISR,2004,3.54548001289368
Israel,ISR,2005,3.79628992080688
Israel,ISR,2006,3.87908005714417
Israel,ISR,2007,3.776859998703
Israel,ISR,2008,4.08658981323242
Israel,ISR,2009,3.89065003395081
Israel,ISR,2010,3.78210997581482
Israel,ISR,2011,3.82464003562927
Israel,ISR,2012,3.80134010314941
Israel,ISR,2013,3.94337010383606
Italy,ITA,1998,2.07592010498047
Italy,ITA,1999,2.20654988288879
Italy,ITA,2000,2.34518003463745
Italy,ITA,2001,2.33243989944458
Italy,ITA,2002,2.27384996414185
Italy,ITA,2003,2.27195000648499
Italy,ITA,2004,1.76229000091553
Italy,ITA,2005,1.70673000812531
Italy,ITA,2006,1.47566998004913
Italy,ITA,2007,1.54356002807617
Italy,ITA,2008,1.57728004455566
Italy,ITA,2009,1.79531002044678
Italy,ITA,2010,2.03747010231018
Italy,ITA,2011,2.22604990005493
Italy,ITA,2012,2.46706008911133
Jamaica,JAM,1999,19.3589706420898
Jamaica,JAM,2000,13.935959815979
Jamaica,JAM,2001,11.9122400283813
Jamaica,JAM,2002,12.2411603927612
Jamaica,JAM,2003,13.0133399963379
Jamaica,JAM,2004,13.7035999298096
Jamaica,JAM,2005,14.1378202438354
Jamaica,JAM,2006,13.2324104309082
Jamaica,JAM,2008,9.9146203994751
Jamaica,JAM,2009,9.51828002929688
Jamaica,JAM,2010,7.97566986083984
Jamaica,JAM,2011,6.83454990386963
Jamaica,JAM,2012,5.40451002120972
Jamaica,JAM,2013,5.37885999679565
Japan,JPN,1998,1.44028997421265
Japan,JPN,1999,1.48169994354248
Japan,JPN,2000,1.48923003673553
Japan,JPN,2001,1.43818998336792
Japan,JPN,2002,1.61179995536804
Japan,JPN,2003,1.63074004650116
Japan,JPN,2004,1.52520000934601
Japan,JPN,2005,1.59159004688263
Japan,JPN,2006,1.44814002513885
Japan,JPN,2007,1.3724000453949
Japan,JPN,2008,1.29077005386353
Japan,JPN,2009,1.17183005809784
Japan,JPN,2010,1.05128002166748
Japan,JPN,2011,0.920769989490509
Japan,JPN,2012,0.860220015048981
Jordan,JOR,2000,8.495849609375
Jordan,JOR,2002,7.78315019607544
Jordan,JOR,2003,6.73885011672974
Jordan,JOR,2004,5.80600023269653
Jordan,JOR,2005,5.76178979873657
Jordan,JOR,2006,5.82537984848022
Jordan,JOR,2007,5.71702003479004
Jordan,JOR,2008,5.34535980224609
Jordan,JOR,2009,5.50104999542236
Jordan,JOR,2010,6.12632989883423
Jordan,JOR,2011,6.25509023666382
Jordan,JOR,2012,5.43864011764526
Kazakhstan,KAZ,1999,6.2266001701355
Kazakhstan,KAZ,2000,4.82767009735107
Kazakhstan,KAZ,2005,3.90879988670349
Kazakhstan,KAZ,2006,3.21136999130249
Kazakhstan,KAZ,2012,5.26873016357422
Kazakhstan,KAZ,2013,6.25438976287842
Kenya,KEN,2000,11.814169883728
Kenya,KEN,2001,12.0115299224854
Kenya,KEN,2002,13.5701503753662
Kenya,KEN,2004,13.1603202819824
Kenya,KEN,2005,12.3534002304077
Kenya,KEN,2009,8.23200988769531
Kuwait,KWT,1999,15.3276700973511
Kuwait,KWT,2001,15.7786798477173
Kuwait,KWT,2002,16.8949298858643
Kuwait,KWT,2003,14.8317899703979
Kuwait,KWT,2004,18.0095691680908
Kuwait,KWT,2013,23.401330947876
Kyrgyzstan,KGZ,1998,3.74090003967285
Kyrgyzstan,KGZ,1999,3.68763995170593
Kyrgyzstan,KGZ,2000,1.69790005683899
Kyrgyzstan,KGZ,2001,1.57602000236511
Kyrgyzstan,KGZ,2002,1.58168005943298
Kyrgyzstan,KGZ,2003,1.33621001243591
Kyrgyzstan,KGZ,2004,1.52174997329712
Kyrgyzstan,KGZ,2005,1.37644004821777
Kyrgyzstan,KGZ,2006,1.54949998855591
Kyrgyzstan,KGZ,2007,1.70423996448517
Kyrgyzstan,KGZ,2008,1.56747996807098
Kyrgyzstan,KGZ,2009,1.68269002437592
Kyrgyzstan,KGZ,2010,1.93932998180389
Kyrgyzstan,KGZ,2011,2.20445990562439
Kyrgyzstan,KGZ,2013,2.06765007972717
Laos,LAO,1998,15.0199203491211
Laos,LAO,1999,13.4895696640015
Laos,LAO,2000,9.02890968322754
Laos,LAO,2001,6.58859014511108
Laos,LAO,2002,5.33495998382568
Laos,LAO,2003,5.57580995559692
Laos,LAO,2004,5.9197301864624
Laos,LAO,2005,5.00643014907837
Laos,LAO,2006,5.3027400970459
Laos,LAO,2007,4.65194988250732
Laos,LAO,2008,4.34196996688843
Laos,LAO,2009,3.77294993400574
Laos,LAO,2010,3.27731990814209
Laos,LAO,2011,3.30789995193481
Laos,LAO,2012,3.43864989280701
Laos,LAO,2013,3.63614010810852
Latin America & Caribbean,,1997,1.01157999038696
Latin America & Caribbean,,1998,0.986519992351532
Latin America & Caribbean,,1999,0.926010012626648
Latin America & Caribbean,,2000,0.965009987354279
Latin America & Caribbean,,2001,0.937730014324188
Latin America & Caribbean,,2002,1.01010000705719
Latin America & Caribbean,,2003,1.03861999511719
Latin America & Caribbean,,2004,0.937340021133423
Latin America & Caribbean,,2005,0.910719990730286
Latin America & Caribbean,,2006,0.853429973125458
Latin America & Caribbean,,2007,0.911679983139038
Latin America & Caribbean,,2008,0.891260027885437
Latin America & Caribbean,,2009,0.908330023288727
Latin America & Caribbean,,2010,0.915929973125458
Latin America & Caribbean,,2011,0.865419983863831
Latin America & Caribbean,,2012,0.841650009155273
Latin America & Caribbean,,2013,0.834529995918274
Latin America & Caribbean (all income levels),,1997,1.08858001232147
Latin America & Caribbean (all income levels),,1998,1.0600700378418
Latin America & Caribbean (all income levels),,1999,1.00104999542236
Latin America & Caribbean (all income levels),,2000,1.04524004459381
Latin America & Caribbean (all income levels),,2001,1.01540005207062
Latin America & Caribbean (all income levels),,2002,1.09010004997253
Latin America & Caribbean (all income levels),,2003,1.11918997764587
Latin America & Caribbean (all income levels),,2004,1.01784002780914
Latin America & Caribbean (all income levels),,2005,0.993009984493256
Latin America & Caribbean (all income levels),,2006,0.92467999458313
Latin America & Caribbean (all income levels),,2007,0.973580002784729
Latin America & Caribbean (all income levels),,2008,0.947650015354156
Latin America & Caribbean (all income levels),,2009,0.966329991817474
Latin America & Caribbean (all income levels),,2010,0.972800016403198
Latin America & Caribbean (all income levels),,2011,0.917509973049164
Latin America & Caribbean (all income levels),,2012,0.884920001029968
Latin America & Caribbean (all income levels),,2013,0.873520016670227
Latvia,LVA,1998,3.33889007568359
Latvia,LVA,1999,2.89486002922058
Latvia,LVA,2000,2.86302995681763
Latvia,LVA,2001,2.94305992126465
Latvia,LVA,2002,2.82979989051819
Latvia,LVA,2003,3.06242990493774
Latvia,LVA,2004,2.67611002922058
Latvia,LVA,2005,2.66733002662659
Latvia,LVA,2006,2.68483996391296
Latvia,LVA,2007,2.9896399974823
Latvia,LVA,2008,3.18043994903564
Latvia,LVA,2009,3.38997006416321
Latvia,LVA,2010,4.49865007400513
Latvia,LVA,2011,5.81219005584717
Latvia,LVA,2012,6.53640985488892
Latvia,LVA,2013,6.65138006210327
Least developed countries: UN classification,,1997,5.53248977661133
Least developed countries: UN classification,,1998,5.18172979354858
Least developed countries: UN classification,,1999,4.84437990188599
Least developed countries: UN classification,,2000,4.66841983795166
Least developed countries: UN classification,,2001,4.20784997940063
Least developed countries: UN classification,,2002,4.51982021331787
Least developed countries: UN classification,,2003,4.6782398223877
Least developed countries: UN classification,,2004,4.49716997146606
Least developed countries: UN classification,,2005,4.31322002410889
Least developed countries: UN classification,,2006,4.10322999954224
Least developed countries: UN classification,,2007,4.00027990341187
Least developed countries: UN classification,,2008,3.74635004997253
Least developed countries: UN classification,,2009,3.59225988388062
Least developed countries: UN classification,,2010,3.34598994255066
Least developed countries: UN classification,,2011,3.32422995567322
Least developed countries: UN classification,,2012,3.15419006347656
Least developed countries: UN classification,,2013,3.13460993766785
Lebanon,LBN,1999,7.4835000038147
Lebanon,LBN,2000,7.6451997756958
Lebanon,LBN,2001,7.40794992446899
Lebanon,LBN,2002,8.23499011993408
Lebanon,LBN,2003,9.08096981048584
Lebanon,LBN,2004,8.7802095413208
Lebanon,LBN,2005,8.09097003936768
Lebanon,LBN,2006,7.91617012023926
Lebanon,LBN,2007,7.29158020019531
Lebanon,LBN,2008,7.24391984939575
Lebanon,LBN,2009,7.03758001327515
Lebanon,LBN,2010,6.54497003555298
Lebanon,LBN,2011,6.06858015060425
Lebanon,LBN,2012,5.92861986160278
Lebanon,LBN,2013,5.21116018295288
Lesotho,LSO,1999,30.5486907958984
Lesotho,LSO,2000,39.3736000061035
Lesotho,LSO,2001,40.6422805786133
Lesotho,LSO,2002,73.6263732910156
Lesotho,LSO,2003,76.5799026489258
Lesotho,LSO,2005,52.2543601989746
Lesotho,LSO,2006,46.4764709472656
Lesotho,LSO,2012,11.316499710083
Lesotho,LSO,2013,12.0975303649902
Liberia,LBR,1999,3.15805006027222
Liberia,LBR,2000,1.40811002254486
Liberia,LBR,2010,2.24558997154236
Liberia,LBR,2012,1.58945000171661
Libya,LBY,1999,0.567960023880005
Libya,LBY,2000,0.61065000295639
Libya,LBY,2001,0.701730012893677
Libya,LBY,2002,0.744099974632263
Libya,LBY,2003,0.734709978103638
Liechtenstein,LIE,2003,151.363647460938
Liechtenstein,LIE,2004,127.067672729492
Liechtenstein,LIE,2005,130.929794311523
Liechtenstein,LIE,2006,134.748428344727
Liechtenstein,LIE,2007,131.426452636719
Liechtenstein,LIE,2008,107.875
Liechtenstein,LIE,2009,119.297080993652
Liechtenstein,LIE,2010,122.554000854492
Liechtenstein,LIE,2011,99.9394683837891
Liechtenstein,LIE,2012,97.3958282470703
Lithuania,LTU,1998,3.44293999671936
Lithuania,LTU,1999,3.02925992012024
Lithuania,LTU,2000,3.17462992668152
Lithuania,LTU,2001,3.62637996673584
Lithuania,LTU,2002,3.78591990470886
Lithuania,LTU,2003,3.92826008796692
Lithuania,LTU,2004,3.53505992889404
Lithuania,LTU,2005,3.47302007675171
Lithuania,LTU,2006,3.29409003257751
Lithuania,LTU,2007,3.37421989440918
Lithuania,LTU,2008,3.47022008895874
Lithuania,LTU,2009,3.69300007820129
Lithuania,LTU,2010,4.34010982513428
Lithuania,LTU,2011,5.51180982589722
Lithuania,LTU,2012,6.89625978469849
Lithuania,LTU,2013,7.45032978057861
Low & middle income,,1997,2.17034006118774
Low & middle income,,1998,2.03656005859375
Low & middle income,,1999,1.89689004421234
Low & middle income,,2000,1.87497997283936
Low & middle income,,2001,1.83759999275208
Low & middle income,,2002,1.96545004844666
Low & middle income,,2003,2.04247999191284
Low & middle income,,2004,1.97895002365112
Low & middle income,,2005,1.95562994480133
Low & middle income,,2006,1.81480002403259
Low & middle income,,2007,1.79886996746063
Low & middle income,,2008,1.82411003112793
Low & middle income,,2009,1.84596002101898
Low & middle income,,2010,1.84411001205444
Low & middle income,,2011,1.83247995376587
Low & middle income,,2012,1.75601994991302
Low & middle income,,2013,1.73298001289368
Low income,,1997,4.62031984329224
Low income,,1998,4.4047999382019
Low income,,1999,4.04951000213623
Low income,,2000,3.92868995666504
Low income,,2001,3.6421000957489
Low income,,2002,4.00192022323608
Low income,,2003,4.14287996292114
Low income,,2004,3.88565993309021
Low income,,2005,3.75713992118835
Low income,,2006,3.54345989227295
Low income,,2007,3.58706998825073
Low income,,2008,3.51377010345459
Low income,,2009,3.29507994651794
Low income,,2010,3.21690011024475
Low income,,2011,3.19471001625061
Low income,,2012,2.84624004364014
Low income,,2013,2.89438009262085
Lower middle income,,1997,1.71390998363495
Lower middle income,,1998,1.55695998668671
Lower middle income,,1999,1.43427002429962
Lower middle income,,2000,1.47355997562408
Lower middle income,,2001,1.49417996406555
Lower middle income,,2002,1.64741003513336
Lower middle income,,2003,1.71445000171661
Lower middle income,,2004,1.70150005817413
Lower middle income,,2005,1.75362002849579
Lower middle income,,2006,1.70044994354248
Lower middle income,,2007,1.68915998935699
Lower middle income,,2008,1.70221996307373
Lower middle income,,2009,1.72551000118256
Lower middle income,,2010,1.65030002593994
Lower middle income,,2011,1.47751998901367
Lower middle income,,2012,1.35643005371094
Lower middle income,,2013,1.34837996959686
Luxembourg,LUX,1998,239.543212890625
Luxembourg,LUX,1999,217.286911010742
Luxembourg,LUX,2000,225.400085449219
Luxembourg,LUX,2001,230.516250610352
Luxembourg,LUX,2002,207.060150146484
Luxembourg,LUX,2003,212.089706420898
Luxembourg,LUX,2006,261.682769775391
Luxembourg,LUX,2008,207.970764160156
Luxembourg,LUX,2010,130.295135498047
Luxembourg,LUX,2012,126.474937438965
Macao,MAC,1999,10.5122003555298
Macao,MAC,2000,10.3332901000977
Macao,MAC,2001,5.96412992477417
Macao,MAC,2002,4.49385023117065
Macao,MAC,2003,3.68566989898682
Macao,MAC,2004,3.4511399269104
Macao,MAC,2005,4.1917200088501
Macao,MAC,2006,4.39655017852783
Macao,MAC,2007,5.10013008117676
Macao,MAC,2008,5.38670015335083
Macao,MAC,2009,5.40149021148682
Macao,MAC,2010,5.96756982803345
Macao,MAC,2011,6.05033016204834
Macao,MAC,2012,6.99172019958496
Macao,MAC,2013,7.57164001464844
Macedonia,MKD,1998,7.63853979110718
Macedonia,MKD,1999,6.32310009002686
Macedonia,MKD,2000,12.347749710083
Macedonia,MKD,2001,10.036919593811
Macedonia,MKD,2002,10.7636804580688
Macedonia,MKD,2003,24.3712596893311
Macedonia,MKD,2004,13.4891395568848
Macedonia,MKD,2005,15.4162998199463
Macedonia,MKD,2006,14.2865295410156
Macedonia,MKD,2007,11.5557498931885
Macedonia,MKD,2008,9.10054969787598
Macedonia,MKD,2009,8.96975040435791
Macedonia,MKD,2010,8.66497039794922
Macedonia,MKD,2012,7.40090990066528
Madagascar,MDG,1998,8.50850009918213
Madagascar,MDG,1999,8.49026012420654
Madagascar,MDG,2000,8.91063022613525
Madagascar,MDG,2001,9.44497013092041
Madagascar,MDG,2002,10.5531396865845
Madagascar,MDG,2003,11.5937299728394
Madagascar,MDG,2004,9.47564029693604
Madagascar,MDG,2005,9.23466014862061
Madagascar,MDG,2006,8.51502990722656
Madagascar,MDG,2007,7.12343978881836
Madagascar,MDG,2008,6.64800977706909
Madagascar,MDG,2009,6.14564990997314
Madagascar,MDG,2010,5.75770998001099
Madagascar,MDG,2011,5.53297996520996
Madagascar,MDG,2012,5.34616994857788
Madagascar,MDG,2013,4.35127019882202
Malawi,MWI,1999,40.4529685974121
Malawi,MWI,2000,31.5220394134521
Malawi,MWI,2001,30.8176307678223
Malawi,MWI,2002,31.7223796844482
Malawi,MWI,2003,30.973970413208
Malawi,MWI,2004,29.1670608520508
Malawi,MWI,2005,30.5211791992188
Malawi,MWI,2006,28.4951000213623
Malawi,MWI,2007,31.0988292694092
Malawi,MWI,2010,21.2566509246826
Malawi,MWI,2011,20.180290222168
Malaysia,MYS,1998,13.3173704147339
Malaysia,MYS,1999,11.4617500305176
Malaysia,MYS,2000,8.24849033355713
Malaysia,MYS,2001,7.94341993331909
Malaysia,MYS,2002,7.34755992889404
Malaysia,MYS,2003,6.73363018035889
Malaysia,MYS,2004,6.60583019256592
Malaysia,MYS,2005,6.80213022232056
Malaysia,MYS,2006,6.64614009857178
Malaysia,MYS,2007,6.53977012634277
Malaysia,MYS,2008,6.10308980941772
Malaysia,MYS,2009,5.98504018783569
Malaysia,MYS,2010,5.60940980911255
Malaysia,MYS,2011,5.77555990219116
Malaysia,MYS,2012,5.43200016021729
Maldives,MDV,2003,1678.08215332031
Maldives,MDV,2007,33.8980102539063
Maldives,MDV,2008,41.8784217834473
Mali,MLI,1998,11.2876396179199
Mali,MLI,1999,8.46640014648438
Mali,MLI,2000,8.5053596496582
Mali,MLI,2001,9.79500007629395
Mali,MLI,2002,10.6785497665405
Mali,MLI,2008,5.85180997848511
Mali,MLI,2009,5.2944598197937
Mali,MLI,2010,5.71869993209839
Mali,MLI,2011,5.86518001556396
Mali,MLI,2012,5.45693016052246
Malta,MLT,1998,7.57067012786865
Malta,MLT,1999,8.59002017974854
Malta,MLT,2000,10.039589881897
Malta,MLT,2001,8.64875030517578
Malta,MLT,2002,9.32635021209717
Malta,MLT,2003,7.1428599357605
Malta,MLT,2004,9.20300006866455
Malta,MLT,2005,8.50545024871826
Malta,MLT,2006,10.7991504669189
Malta,MLT,2007,10.4525499343872
Malta,MLT,2008,10.7087602615356
Malta,MLT,2009,11.0187997817993
Malta,MLT,2010,11.2730598449707
Malta,MLT,2011,10.7095699310303
Malta,MLT,2012,11.1079196929932
Marshall Islands,MHL,2002,13.87965965271
Marshall Islands,MHL,2012,19.0225601196289
Mauritania,MRT,1998,20.7792205810547
Mauritania,MRT,1999,18.7928695678711
Mauritania,MRT,2001,22.2767906188965
Mauritania,MRT,2002,24.2782592773438
Mauritania,MRT,2003,24.9873294830322
Mauritania,MRT,2004,26.4507694244385
Mauritania,MRT,2005,27.2246894836426
Mauritania,MRT,2006,26.550199508667
Mauritania,MRT,2007,24.4745407104492
Mauritania,MRT,2008,25.3430805206299
Mauritania,MRT,2009,25.7688903808594
Mauritania,MRT,2010,24.7208995819092
Mauritania,MRT,2011,24.2309494018555
Mauritania,MRT,2012,22.4596900939941
Mauritania,MRT,2013,22.3871002197266
Mauritius,MUS,1999,31.8152408599854
Mauritius,MUS,2000,36.7243690490723
Mauritius,MUS,2001,28.7627696990967
Mauritius,MUS,2002,40.1645011901855
Mauritius,MUS,2003,42.5776786804199
Mauritius,MUS,2004,41.1220893859863
Mauritius,MUS,2005,35.5158386230469
Mauritius,MUS,2006,34.2964515686035
Mauritius,MUS,2007,32.7030181884766
Mauritius,MUS,2008,29.6624908447266
Mauritius,MUS,2009,25.3855590820313
Mauritius,MUS,2010,21.5932102203369
Mauritius,MUS,2011,19.0196304321289
Mauritius,MUS,2012,15.990180015564
Mauritius,MUS,2013,14.5136003494263
Mexico,MEX,1998,0.761160016059875
Mexico,MEX,1999,0.733780026435852
Mexico,MEX,2000,0.724990010261536
Mexico,MEX,2001,0.745899975299835
Mexico,MEX,2002,0.925909996032715
Mexico,MEX,2003,0.971220016479492
Mexico,MEX,2004,0.92655998468399
Mexico,MEX,2005,0.966409981250763
Mexico,MEX,2006,0.979889988899231
Mexico,MEX,2007,0.990360021591187
Mexico,MEX,2008,0.976140022277832
Mexico,MEX,2009,0.991530001163483
Mexico,MEX,2010,0.915629982948303
Mexico,MEX,2011,0.882219970226288
Mexico,MEX,2012,0.852779984474182
Mexico,MEX,2013,0.82166999578476
Middle East & North Africa,,1997,3.31112003326416
Middle East & North Africa,,1998,3.04092001914978
Middle East & North Africa,,1999,2.7692699432373
Middle East & North Africa,,2000,2.73621010780334
Middle East & North Africa,,2001,2.64828991889954
Middle East & North Africa,,2002,2.75829005241394
Middle East & North Africa,,2003,2.8672399520874
Middle East & North Africa,,2004,2.63212990760803
Middle East & North Africa,,2005,2.49974989891052
Middle East & North Africa,,2006,2.37896990776062
Middle East & North Africa,,2007,2.22591996192932
Middle East & North Africa,,2008,2.14122009277344
Middle East & North Africa,,2009,2.25076007843018
Middle East & North Africa,,2010,2.19195008277893
Middle East & North Africa,,2011,2.31831002235413
Middle East & North Africa,,2012,2.29352998733521
Middle East & North Africa,,2013,2.28783988952637
Middle East & North Africa (all income levels),,1997,3.73278999328613
Middle East & North Africa (all income levels),,1998,3.42862010002136
Middle East & North Africa (all income levels),,1999,3.12315011024475
Middle East & North Africa (all income levels),,2000,3.13739991188049
Middle East & North Africa (all income levels),,2001,3.06236004829407
Middle East & North Africa (all income levels),,2002,3.10507011413574
Middle East & North Africa (all income levels),,2003,3.13548994064331
Middle East & North Africa (all income levels),,2004,2.90826988220215
Middle East & North Africa (all income levels),,2005,2.79162001609802
Middle East & North Africa (all income levels),,2006,2.68935990333557
Middle East & North Africa (all income levels),,2007,2.56780004501343
Middle East & North Africa (all income levels),,2008,2.52854990959167
Middle East & North Africa (all income levels),,2009,2.66839003562927
Middle East & North Africa (all income levels),,2010,2.6675500869751
Middle East & North Africa (all income levels),,2011,2.82454991340637
Middle East & North Africa (all income levels),,2012,2.86207008361816
Middle East & North Africa (all income levels),,2013,2.94357991218567
Middle income,,1997,2.0516300201416
Middle income,,1998,1.92370998859406
Middle income,,1999,1.79542005062103
Middle income,,2000,1.77587997913361
Middle income,,2001,1.74550998210907
Middle income,,2002,1.86652994155884
Middle income,,2003,1.94279003143311
Middle income,,2004,1.89320003986359
Middle income,,2005,1.87375998497009
Middle income,,2006,1.73450994491577
Middle income,,2007,1.71467995643616
Middle income,,2008,1.74179995059967
Middle income,,2009,1.7703800201416
Middle income,,2010,1.76778995990753
Middle income,,2011,1.75548005104065
Middle income,,2012,1.69506001472473
Middle income,,2013,1.66926002502441
Moldova,MDA,1999,8.59344959259033
Moldova,MDA,2000,8.81916999816895
Moldova,MDA,2001,7.75124979019165
Moldova,MDA,2002,7.67513990402222
Moldova,MDA,2003,7.53865003585815
Moldova,MDA,2004,7.70830011367798
Moldova,MDA,2005,7.67548990249634
Moldova,MDA,2006,6.60799980163574
Moldova,MDA,2007,6.76359987258911
Moldova,MDA,2008,10.4490900039673
Moldova,MDA,2009,9.4621696472168
Moldova,MDA,2010,11.6489200592041
Moldova,MDA,2011,13.69983959198
Moldova,MDA,2012,12.5080099105835
Moldova,MDA,2013,14.1972703933716
Mongolia,MNG,1998,3.67143988609314
Mongolia,MNG,1999,3.21577000617981
Mongolia,MNG,2000,3.29710006713867
Mongolia,MNG,2001,3.46853995323181
Mongolia,MNG,2002,3.87375998497009
Mongolia,MNG,2003,4.21776008605957
Mongolia,MNG,2004,4.379469871521
Mongolia,MNG,2005,4.24205017089844
Mongolia,MNG,2006,3.97967004776001
Mongolia,MNG,2007,4.54444980621338
Mongolia,MNG,2008,5.61884021759033
Mongolia,MNG,2009,5.84526014328003
Mongolia,MNG,2010,6.04274988174438
Mongolia,MNG,2011,6.19944000244141
Mongolia,MNG,2012,5.63435983657837
Mongolia,MNG,2013,4.52273988723755
Montenegro,MNE,2004,13.0751104354858
Montenegro,MNE,2005,11.5884103775024
Montenegro,MNE,2006,9.88916969299316
Montenegro,MNE,2007,7.88968992233276
Montenegro,MNE,2008,29.5093193054199
Montenegro,MNE,2009,24.0815696716309
Montenegro,MNE,2010,21.9204597473145
Morocco,MAR,1998,14.8604001998901
Morocco,MAR,1999,13.9682903289795
Morocco,MAR,2000,15.4655303955078
Morocco,MAR,2001,14.8031797409058
Morocco,MAR,2002,16.7403106689453
Morocco,MAR,2003,16.7690200805664
Morocco,MAR,2004,14.2762699127197
Morocco,MAR,2005,12.5391902923584
Morocco,MAR,2006,11.3701601028442
Morocco,MAR,2007,10.9951496124268
Morocco,MAR,2008,10.3611497879028
Morocco,MAR,2009,10.0867595672607
Morocco,MAR,2010,9.60126972198486
Morocco,MAR,2011,8.57876968383789
Mozambique,MOZ,1999,18.3685302734375
Mozambique,MOZ,2000,17.1637001037598
Mozambique,MOZ,2003,14.3309097290039
Mozambique,MOZ,2004,11.6612701416016
Mozambique,MOZ,2005,10.2737503051758
Mozambique,MOZ,2008,2.49753999710083
Mozambique,MOZ,2009,2.58235001564026
Mozambique,MOZ,2010,1.99181997776031
Mozambique,MOZ,2011,1.79885005950928
Mozambique,MOZ,2012,1.31242001056671
Mozambique,MOZ,2013,1.3923499584198
Myanmar,MMR,1998,0.417620003223419
Myanmar,MMR,2001,0.349299997091293
Myanmar,MMR,2007,0.725090026855469
Myanmar,MMR,2011,1.09897005558014
Myanmar,MMR,2012,1.04303002357483
Namibia,NAM,1998,30.7253093719482
Namibia,NAM,2001,44.4534606933594
Namibia,NAM,2002,52.1925086975098
Namibia,NAM,2003,58.699520111084
Namibia,NAM,2005,47.317798614502
Namibia,NAM,2006,57.231201171875
Namibia,NAM,2008,42.8578681945801
Nepal,NPL,2000,4.61302995681763
Nepal,NPL,2001,4.64289999008179
Nepal,NPL,2002,5.2859902381897
Nepal,NPL,2003,5.72677993774414
Nepal,NPL,2004,5.21536016464233
Nepal,NPL,2005,4.99812984466553
Nepal,NPL,2006,5.61909008026123
Nepal,NPL,2007,6.22697019577026
Nepal,NPL,2008,6.85145998001099
Nepal,NPL,2009,8.5137996673584
Nepal,NPL,2010,7.25003004074097
Nepal,NPL,2011,7.62549018859863
Nepal,NPL,2013,6.3272500038147
Netherlands,NLD,1998,2.7396399974823
Netherlands,NLD,1999,2.78025007247925
Netherlands,NLD,2000,2.57109999656677
Netherlands,NLD,2001,2.39148998260498
Netherlands,NLD,2002,2.35943007469177
Netherlands,NLD,2003,2.40973997116089
Netherlands,NLD,2004,1.59270000457764
Netherlands,NLD,2005,1.80689001083374
Netherlands,NLD,2006,1.74414002895355
Netherlands,NLD,2007,1.78822994232178
Netherlands,NLD,2008,1.37470996379852
Netherlands,NLD,2009,1.8226900100708
Netherlands,NLD,2010,1.93861997127533
Netherlands,NLD,2011,1.72713994979858
Netherlands,NLD,2012,1.82264995574951
New Zealand,NZL,1998,3.48816990852356
New Zealand,NZL,1999,3.47980999946594
New Zealand,NZL,2000,3.52737998962402
New Zealand,NZL,2001,3.70246005058289
New Zealand,NZL,2002,4.00096988677979
New Zealand,NZL,2003,3.54242992401123
New Zealand,NZL,2004,2.68357992172241
New Zealand,NZL,2005,1.59098994731903
New Zealand,NZL,2006,1.7443300485611
New Zealand,NZL,2007,1.71476995944977
New Zealand,NZL,2008,1.70696997642517
New Zealand,NZL,2009,1.7381500005722
New Zealand,NZL,2010,1.78768002986908
New Zealand,NZL,2011,1.99337995052338
New Zealand,NZL,2012,2.06539011001587
New Zealand,NZL,2013,2.09281992912292
Nicaragua,NIC,2002,1.68537998199463
Niger,NER,2003,17.1001491546631
Niger,NER,2004,18.9221305847168
Niger,NER,2005,16.9771099090576
Niger,NER,2006,21.1365795135498
Niger,NER,2007,22.0288696289063
Niger,NER,2008,18.2665100097656
Niger,NER,2009,13.4180297851563
Niger,NER,2010,13.998649597168
Niger,NER,2011,14.6336297988892
Niger,NER,2012,10.5134000778198
Nigeria,NGA,1999,2.17277002334595
Nigeria,NGA,2003,1.7155499458313
Nigeria,NGA,2004,1.82034003734589
Nigeria,NGA,2005,1.93356001377106
North America,,1997,0.451510012149811
North America,,1998,0.475470006465912
North America,,1999,0.486180007457733
North America,,2000,0.523220002651215
North America,,2001,0.544250011444092
North America,,2002,0.530210018157959
North America,,2003,0.51512998342514
North America,,2004,0.505879998207092
North America,,2005,0.523729979991913
North America,,2006,0.532260000705719
North America,,2007,0.544390022754669
North America,,2008,0.52130001783371
North America,,2009,0.513390004634857
North America,,2010,0.481090009212494
North America,,2011,0.47775000333786
North America,,2012,0.479389995336533
North America,,2013,0.504499971866608
Norway,NOR,1998,6.34226989746094
Norway,NOR,1999,6.9057297706604
Norway,NOR,2000,7.24535989761353
Norway,NOR,2001,7.73032999038696
Norway,NOR,2002,8.17288970947266
Norway,NOR,2003,7.27700996398926
Norway,NOR,2004,6.39408016204834
Norway,NOR,2005,5.92827987670898
Norway,NOR,2006,5.68879985809326
Norway,NOR,2007,5.55889987945557
Norway,NOR,2008,5.31686019897461
Norway,NOR,2009,5.66673994064331
Norway,NOR,2010,6.17838001251221
Norway,NOR,2011,6.77177000045776
Norway,NOR,2012,9.88984966278076
Norway,NOR,2013,6.98993015289307
OECD members,,1997,1.67369997501373
OECD members,,1998,1.69536995887756
OECD members,,1999,1.69806003570557
OECD members,,2000,1.72391998767853
OECD members,,2001,1.73021996021271
OECD members,,2002,1.70384001731873
OECD members,,2003,1.70210003852844
OECD members,,2004,1.56201994419098
OECD members,,2005,1.57787001132965
OECD members,,2006,1.52146995067596
OECD members,,2007,1.55169999599457
OECD members,,2008,1.51752996444702
OECD members,,2009,1.5702999830246
OECD members,,2010,1.55276000499725
OECD members,,2011,1.56868994235992
OECD members,,2012,1.56895005702972
OECD members,,2013,1.586629986763
Oman,OMN,1998,50.411678314209
Oman,OMN,2003,26.8812103271484
Oman,OMN,2004,26.039119720459
Oman,OMN,2005,21.1503391265869
Oman,OMN,2006,18.8405609130859
Oman,OMN,2007,16.6088695526123
Oman,OMN,2008,16.8054103851318
Oman,OMN,2009,13.4118404388428
Oman,OMN,2010,12.9191999435425
Oman,OMN,2011,11.0136404037476
Oman,OMN,2013,14.4795198440552
Pakistan,PAK,2003,5.41261005401611
Pakistan,PAK,2004,4.46306991577148
Pakistan,PAK,2005,3.08056998252869
Pakistan,PAK,2006,3.13214993476868
Pakistan,PAK,2007,2.91952991485596
Pakistan,PAK,2008,3.13643002510071
Pakistan,PAK,2009,2.82065010070801
Pakistan,PAK,2011,2.49866008758545
Pakistan,PAK,2012,2.04896998405457
Pakistan,PAK,2013,1.96194005012512
Palestine,PSE,1998,17.3130493164063
Palestine,PSE,1999,14.7385396957397
Palestine,PSE,2000,13.9224395751953
Palestine,PSE,2001,12.8151798248291
Palestine,PSE,2002,11.8993396759033
Palestine,PSE,2003,10.5476503372192
Palestine,PSE,2004,9.08845043182373
Palestine,PSE,2005,8.54218006134033
Palestine,PSE,2006,8.12080955505371
Palestine,PSE,2007,7.87241983413696
Palestine,PSE,2008,7.79205989837646
Palestine,PSE,2009,8.47873973846436
Palestine,PSE,2010,7.83240985870361
Palestine,PSE,2011,7.76801013946533
Palestine,PSE,2012,8.69538974761963
Palestine,PSE,2013,9.81056976318359
Panama,PAN,1998,1.70142996311188
Panama,PAN,1999,1.61909997463226
Panama,PAN,2000,1.58520996570587
Panama,PAN,2001,1.46570003032684
Panama,PAN,2002,1.50338995456696
Panama,PAN,2003,1.55200004577637
Panama,PAN,2004,1.43675994873047
Panama,PAN,2005,1.60048997402191
Panama,PAN,2006,1.57860004901886
Panama,PAN,2007,1.64105999469757
Panama,PAN,2008,1.89415001869202
Panama,PAN,2009,1.88672995567322
Panama,PAN,2010,1.85082995891571
Panama,PAN,2011,1.55927002429962
Panama,PAN,2012,1.64392995834351
Papua New Guinea,PNG,1998,8.10426998138428
Papua New Guinea,PNG,1999,7.98551988601685
Paraguay,PRY,1999,1.53182005882263
Paraguay,PRY,2000,1.31788003444672
Paraguay,PRY,2001,1.32018995285034
Paraguay,PRY,2002,1.0082700252533
Paraguay,PRY,2003,1.16092002391815
Paraguay,PRY,2004,1.08412003517151
Paraguay,PRY,2005,1.20302999019623
Paraguay,PRY,2007,1.34008002281189
Paraguay,PRY,2008,1.1948299407959
Paraguay,PRY,2009,1.12793004512787
Paraguay,PRY,2010,1.2425400018692
Peru,PER,1999,0.587300002574921
Peru,PER,2000,0.81878000497818
Peru,PER,2001,0.910889983177185
Peru,PER,2002,1.07439005374908
Peru,PER,2003,1.17323994636536
Peru,PER,2004,1.09318995475769
Peru,PER,2005,1.11573004722595
Peru,PER,2006,1.20764005184174
Peru,PER,2010,1.50197005271912
Philippines,PHL,1998,0.24600000679493
Philippines,PHL,1999,0.230320006608963
Philippines,PHL,2001,0.227990001440048
Philippines,PHL,2002,0.262010008096695
Philippines,PHL,2003,0.295569986104965
Philippines,PHL,2004,0.30579000711441
Philippines,PHL,2005,0.317369997501373
Philippines,PHL,2006,0.318120002746582
Philippines,PHL,2008,0.335489988327026
Philippines,PHL,2009,0.384220004081726
Philippines,PHL,2010,0.430000007152557
Philippines,PHL,2011,0.395520001649857
Philippines,PHL,2012,0.368169993162155
Philippines,PHL,2013,0.34527000784874
Poland,POL,1998,1.29435002803802
Poland,POL,1999,1.10894000530243
Poland,POL,2000,1.10450005531311
Poland,POL,2001,1.1120400428772
Poland,POL,2002,1.19673001766205
Poland,POL,2003,1.34119999408722
Poland,POL,2004,1.3539799451828
Poland,POL,2005,1.42058002948761
Poland,POL,2006,1.41999995708466
Poland,POL,2007,1.51761996746063
Poland,POL,2008,1.4891300201416
Poland,POL,2009,1.52031004428864
Poland,POL,2010,1.45255994796753
Poland,POL,2011,1.37638998031616
Poland,POL,2012,1.04909002780914
Poland,POL,2013,1.21109998226166
Portugal,PRT,1998,3.02373003959656
Portugal,PRT,1999,3.07154989242554
Portugal,PRT,2000,2.85144996643066
Portugal,PRT,2001,2.89692997932434
Portugal,PRT,2002,2.93807005882263
Portugal,PRT,2003,3.11045002937317
Portugal,PRT,2004,2.84534001350403
Portugal,PRT,2005,3.23426008224487
Portugal,PRT,2006,2.84541988372803
Portugal,PRT,2007,3.19992995262146
Portugal,PRT,2008,3.06177997589111
Portugal,PRT,2009,3.35420989990234
Portugal,PRT,2010,3.39369010925293
Portugal,PRT,2011,3.39935994148254
Portugal,PRT,2012,3.28011989593506
Portugal,PRT,2013,2.56731009483337
Qatar,QAT,1998,12.6426095962524
Qatar,QAT,1999,12.9166698455811
Qatar,QAT,2001,16.0464096069336
Qatar,QAT,2002,16.3985004425049
Qatar,QAT,2003,16.9563007354736
Qatar,QAT,2004,14.5741395950317
Qatar,QAT,2005,18.9473094940186
Qatar,QAT,2006,17.807300567627
Qatar,QAT,2007,18.029109954834
Qatar,QAT,2008,17.28125
Qatar,QAT,2009,18.5121402740479
Qatar,QAT,2010,20.4049301147461
Qatar,QAT,2011,18.6250190734863
Qatar,QAT,2012,20.7604503631592
Qatar,QAT,2013,24.1067409515381
Romania,ROU,1998,2.81565999984741
Romania,ROU,1999,2.48675990104675
Romania,ROU,2000,2.77042007446289
Romania,ROU,2001,2.82876992225647
Romania,ROU,2002,3.00735998153687
Romania,ROU,2003,3.02636003494263
Romania,ROU,2004,2.91689991950989
Romania,ROU,2005,2.7496600151062
Romania,ROU,2006,2.63684010505676
Romania,ROU,2007,2.40370011329651
Romania,ROU,2008,2.14667010307312
Romania,ROU,2009,2.15542006492615
Romania,ROU,2010,2.56394004821777
Romania,ROU,2011,3.27281999588013
Russia,RUS,1998,0.49617999792099
Russia,RUS,1999,0.461459994316101
Russia,RUS,2000,0.452270001173019
Russia,RUS,2001,0.419669985771179
Russia,RUS,2002,0.439990013837814
Russia,RUS,2003,0.43325001001358
Russia,RUS,2004,0.440510004758835
Russia,RUS,2005,0.438820004463196
Russia,RUS,2006,0.455740004777908
Russia,RUS,2007,0.464830011129379
Russia,RUS,2008,0.474929988384247
Russia,RUS,2009,0.512170016765594
Russia,RUS,2011,0.598360002040863
Russia,RUS,2012,0.642199993133545
Russia,RUS,2013,0.672689974308014
Rwanda,RWA,1999,51.179988861084
Rwanda,RWA,2000,33.4203605651855
Rwanda,RWA,2001,26.1572895050049
Rwanda,RWA,2002,23.4311695098877
Rwanda,RWA,2003,16.233190536499
Rwanda,RWA,2004,13.0699501037598
Rwanda,RWA,2005,12.1410303115845
Rwanda,RWA,2006,9.71084022521973
Rwanda,RWA,2007,9.00809001922607
Rwanda,RWA,2008,9.00695991516113
Rwanda,RWA,2009,8.07857036590576
Rwanda,RWA,2010,7.59904003143311
Rwanda,RWA,2011,6.71611976623535
Rwanda,RWA,2012,8.46846008300781
Rwanda,RWA,2013,6.68403005599976
Saint Kitts and Nevis,KNA,2008,57.7997703552246
Saint Lucia,LCA,2004,47.8336982727051
Saint Lucia,LCA,2005,51.3040504455566
Saint Lucia,LCA,2006,66.2960662841797
Saint Lucia,LCA,2007,88.5222473144531
Saint Lucia,LCA,2008,46.6666717529297
Saint Lucia,LCA,2009,44.742488861084
Saint Lucia,LCA,2010,71.5914916992188
Saint Lucia,LCA,2011,52.9547996520996
Saint Lucia,LCA,2012,68.0332717895508
Saint Lucia,LCA,2013,48.0543098449707
Samoa,WSM,1998,65.7220001220703
Samoa,WSM,1999,52.5387496948242
Samoa,WSM,2000,83.1641311645508
San Marino,SMR,2000,75.2653884887695
San Marino,SMR,2008,86.1140975952148
San Marino,SMR,2010,85.5923233032227
San Marino,SMR,2011,88.9325180053711
San Marino,SMR,2012,143.692657470703
Sao Tome and Principe,STP,2009,106.723480224609
Sao Tome and Principe,STP,2010,76.2402114868164
Sao Tome and Principe,STP,2012,37.297679901123
Saudi Arabia,SAU,1998,3.34795999526978
Saudi Arabia,SAU,1999,2.76323008537292
Saudi Arabia,SAU,2000,2.62959003448486
Saudi Arabia,SAU,2001,2.56541991233826
Saudi Arabia,SAU,2002,2.73423004150391
Saudi Arabia,SAU,2003,2.16622996330261
Saudi Arabia,SAU,2004,2.03970003128052
Saudi Arabia,SAU,2005,2.05338001251221
Saudi Arabia,SAU,2006,2.16275000572205
Saudi Arabia,SAU,2007,2.98382997512817
Saudi Arabia,SAU,2008,3.47298002243042
Saudi Arabia,SAU,2009,4.13929986953735
Saudi Arabia,SAU,2010,4.72033023834229
Saudi Arabia,SAU,2011,5.06014013290405
Saudi Arabia,SAU,2012,5.29295015335083
Saudi Arabia,SAU,2013,5.42151021957397
Senegal,SEN,1999,19.2266998291016
Senegal,SEN,2004,21.1157608032227
Senegal,SEN,2005,19.6844501495361
Senegal,SEN,2006,19.5330104827881
Senegal,SEN,2007,17.1117706298828
Senegal,SEN,2008,13.5491199493408
Senegal,SEN,2009,12.8292999267578
Senegal,SEN,2010,13.5350904464722
Serbia,SRB,2001,7.20531988143921
Serbia,SRB,2002,7.67453002929688
Serbia,SRB,2003,5.91060018539429
Serbia,SRB,2004,5.64301013946533
Serbia,SRB,2005,5.23523998260498
Serbia,SRB,2006,4.77918004989624
Serbia,SRB,2007,5.02806997299194
Serbia,SRB,2008,4.89838981628418
Serbia,SRB,2009,5.42260980606079
Serbia,SRB,2010,5.71261978149414
Serbia,SRB,2011,5.91372013092041
Serbia,SRB,2012,5.51351976394653
Serbia,SRB,2013,4.97159004211426
Seychelles,SYC,2011,215.283233642578
Seychelles,SYC,2012,472.5
Seychelles,SYC,2013,198.450653076172
Sierra Leone,SLE,2000,13.6158103942871
Sierra Leone,SLE,2001,8.87751960754395
Sierra Leone,SLE,2002,9.33432960510254
Singapore,SGP,2008,10.2222995758057
Singapore,SGP,2009,10.0523195266724
Singapore,SGP,2010,9.66709995269775
Singapore,SGP,2011,8.98367023468018
Singapore,SGP,2012,9.04839038848877
Singapore,SGP,2013,8.84208965301514
Slovakia,SVK,1998,3.6867299079895
Slovakia,SVK,1999,3.57159996032715
Slovakia,SVK,2000,4.2329797744751
Slovakia,SVK,2001,6.29940986633301
Slovakia,SVK,2002,7.47534990310669
Slovakia,SVK,2003,8.62353038787842
Slovakia,SVK,2004,9.35134029388428
Slovakia,SVK,2005,10.1672801971436
Slovakia,SVK,2006,11.225640296936
Slovakia,SVK,2007,11.0836000442505
Slovakia,SVK,2008,11.4749298095703
Slovakia,SVK,2009,12.0107498168945
Slovakia,SVK,2010,13.1063804626465
Slovakia,SVK,2011,14.5412101745605
Slovakia,SVK,2012,14.9321699142456
Slovakia,SVK,2013,15.7988796234131
Slovenia,SVN,1998,2.57757997512817
Slovenia,SVN,1999,2.24451994895935
Slovenia,SVN,2000,6.90918016433716
Slovenia,SVN,2001,2.3045699596405
Slovenia,SVN,2002,2.28093004226685
Slovenia,SVN,2003,7.8091402053833
Slovenia,SVN,2004,2.4608199596405
Slovenia,SVN,2005,2.40741991996765
Slovenia,SVN,2006,2.04896998405457
Slovenia,SVN,2007,1.96509003639221
Slovenia,SVN,2008,2.02971005439758
Slovenia,SVN,2009,2.16946005821228
Slovenia,SVN,2010,2.15570998191834
Slovenia,SVN,2011,2.39288997650146
Slovenia,SVN,2012,2.35665988922119
Slovenia,SVN,2013,2.7578399181366
South Africa,ZAF,2012,0.643310010433197
South Asia,,1997,1.23535001277924
South Asia,,1998,1.06667995452881
South Asia,,1999,0.957159996032715
South Asia,,2000,0.944800019264221
South Asia,,2001,1.02279996871948
South Asia,,2002,1.25636994838715
South Asia,,2003,1.37783002853394
South Asia,,2004,1.42765998840332
South Asia,,2005,1.50697004795074
South Asia,,2006,1.40595996379852
South Asia,,2007,1.37326002120972
South Asia,,2008,1.36312997341156
South Asia,,2009,1.40196001529694
South Asia,,2010,1.31661999225616
South Asia,,2011,1.05218005180359
South Asia,,2012,0.935109972953796
South Asia,,2013,0.925549983978271
South Korea,KOR,1998,2.40480995178223
South Korea,KOR,1999,2.400710105896
South Korea,KOR,2000,2.36277008056641
South Korea,KOR,2001,2.35109996795654
South Korea,KOR,2002,2.67041993141174
South Korea,KOR,2003,2.83611011505127
South Korea,KOR,2004,3.00590991973877
South Korea,KOR,2005,3.1400101184845
South Korea,KOR,2006,3.26971006393433
South Korea,KOR,2007,3.42429995536804
South Korea,KOR,2008,3.68033003807068
South Korea,KOR,2009,3.9467499256134
South Korea,KOR,2010,3.87893009185791
South Korea,KOR,2011,3.8090500831604
South Korea,KOR,2013,3.48391008377075
Spain,ESP,1998,1.45601999759674
Spain,ESP,1999,1.46929001808167
Spain,ESP,2000,1.50829005241394
Spain,ESP,2001,1.47857999801636
Spain,ESP,2002,1.50002002716064
Spain,ESP,2003,1.23777997493744
Spain,ESP,2004,1.36863005161285
Spain,ESP,2005,1.36469995975494
Spain,ESP,2006,1.305379986763
Spain,ESP,2007,1.33846998214722
Spain,ESP,2008,1.18671000003815
Spain,ESP,2009,1.22177004814148
Spain,ESP,2010,1.24823999404907
Spain,ESP,2011,1.34072005748749
Spain,ESP,2012,1.52003002166748
Spain,ESP,2013,1.45424997806549
Sri Lanka,LKA,2010,6.4807300567627
Sri Lanka,LKA,2011,6.85362005233765
Sri Lanka,LKA,2012,5.99730014801025
Sri Lanka,LKA,2013,5.38297986984253
Sub-Saharan Africa,,1997,5.90990018844604
Sub-Saharan Africa,,1998,5.67465019226074
Sub-Saharan Africa,,1999,5.67173004150391
Sub-Saharan Africa,,2000,5.59989976882935
Sub-Saharan Africa,,2001,5.39929008483887
Sub-Saharan Africa,,2002,5.57908010482788
Sub-Saharan Africa,,2003,5.62868976593018
Sub-Saharan Africa,,2004,5.27965021133423
Sub-Saharan Africa,,2005,5.05432987213135
Sub-Saharan Africa,,2006,4.88608980178833
Sub-Saharan Africa,,2007,4.84392976760864
Sub-Saharan Africa,,2008,4.60585021972656
Sub-Saharan Africa,,2009,4.52074003219604
Sub-Saharan Africa,,2010,4.36073017120361
Sub-Saharan Africa,,2011,4.41974020004272
Sub-Saharan Africa,,2012,3.88634991645813
Sub-Saharan Africa,,2013,3.69400000572205
Sub-Saharan Africa (all income levels),,1997,5.94189977645874
Sub-Saharan Africa (all income levels),,1998,5.70528984069824
Sub-Saharan Africa (all income levels),,1999,5.70078992843628
Sub-Saharan Africa (all income levels),,2000,5.63382005691528
Sub-Saharan Africa (all income levels),,2001,5.42430019378662
Sub-Saharan Africa (all income levels),,2002,5.59686994552612
Sub-Saharan Africa (all income levels),,2003,5.64680004119873
Sub-Saharan Africa (all income levels),,2004,5.29912996292114
Sub-Saharan Africa (all income levels),,2005,5.07152986526489
Sub-Saharan Africa (all income levels),,2006,4.90248012542725
Sub-Saharan Africa (all income levels),,2007,4.8601598739624
Sub-Saharan Africa (all income levels),,2008,4.6255202293396
Sub-Saharan Africa (all income levels),,2009,4.55354976654053
Sub-Saharan Africa (all income levels),,2010,4.37996006011963
Sub-Saharan Africa (all income levels),,2011,4.43806982040405
Sub-Saharan Africa (all income levels),,2012,3.90448999404907
Sub-Saharan Africa (all income levels),,2013,3.70687007904053
Suriname,SUR,2002,20.4782104492188
Swaziland,SWZ,1999,22.9918003082275
Swaziland,SWZ,2000,29.0365104675293
Swaziland,SWZ,2002,40.3283309936523
Swaziland,SWZ,2004,40.1400299072266
Swaziland,SWZ,2005,49.6891098022461
Swaziland,SWZ,2006,56.014289855957
Swaziland,SWZ,2011,49.4651412963867
Swaziland,SWZ,2013,33.3397102355957
Sweden,SWE,1998,4.56659984588623
Sweden,SWE,1999,4.17219018936157
Sweden,SWE,2000,3.63256001472473
Sweden,SWE,2001,4.31028985977173
Sweden,SWE,2002,4.06292009353638
Sweden,SWE,2003,3.9207398891449
Sweden,SWE,2004,3.05988001823425
Sweden,SWE,2005,3.12857007980347
Sweden,SWE,2006,3.16543006896973
Sweden,SWE,2007,3.34325003623962
Sweden,SWE,2008,3.41059994697571
Sweden,SWE,2009,3.4980800151825
Sweden,SWE,2010,3.41514992713928
Sweden,SWE,2011,3.57445001602173
Sweden,SWE,2012,3.90788006782532
Sweden,SWE,2013,4.05053997039795
Switzerland,CHE,1998,5.55114984512329
Switzerland,CHE,1999,5.58459997177124
Switzerland,CHE,2000,4.44015979766846
Switzerland,CHE,2001,5.21086978912354
Switzerland,CHE,2002,5.10281991958618
Switzerland,CHE,2003,4.2780499458313
Switzerland,CHE,2004,5.02813005447388
Switzerland,CHE,2005,4.81068992614746
Switzerland,CHE,2006,4.87174987792969
Switzerland,CHE,2007,4.92734003067017
Switzerland,CHE,2008,4.57359981536865
Switzerland,CHE,2009,4.69731998443604
Switzerland,CHE,2010,4.57432985305786
Switzerland,CHE,2011,4.57798004150391
Switzerland,CHE,2012,4.3901801109314
Switzerland,CHE,2013,4.24426984786987
Syria,SYR,2002,6.05179023742676
Syria,SYR,2003,5.82257986068726
Syria,SYR,2004,5.43652009963989
Syria,SYR,2005,4.66837978363037
Syria,SYR,2006,3.94293999671936
Syria,SYR,2007,3.68600988388062
Syria,SYR,2008,3.54651999473572
Syria,SYR,2009,3.44991993904114
Syria,SYR,2010,2.81384992599487
Syria,SYR,2011,3.02187991142273
Syria,SYR,2012,2.80908989906311
Syria,SYR,2013,3.4237699508667
Tajikistan,TJK,1999,1.41938996315002
Tajikistan,TJK,2000,1.35299003124237
Tajikistan,TJK,2001,1.50117003917694
Tajikistan,TJK,2002,2.01750993728638
Tajikistan,TJK,2003,1.97567999362946
Tajikistan,TJK,2004,1.76988995075226
Tajikistan,TJK,2005,2.02983999252319
Tajikistan,TJK,2006,1.7742600440979
Tajikistan,TJK,2007,1.78472995758057
Tajikistan,TJK,2008,2.79147005081177
Tajikistan,TJK,2009,3.26090002059937
Tajikistan,TJK,2010,4.26284980773926
Tajikistan,TJK,2011,4.80840015411377
Tajikistan,TJK,2012,4.32100009918213
Tajikistan,TJK,2013,5.00770998001099
Tanzania,TZA,1998,16.5683097839355
Tanzania,TZA,1999,14.2206001281738
Tanzania,TZA,2000,14.1055898666382
Tanzania,TZA,2001,15.2042503356934
Tanzania,TZA,2002,17.561840057373
Tanzania,TZA,2003,14.1809196472168
Tanzania,TZA,2004,9.89091014862061
Tanzania,TZA,2005,8.31105041503906
Tanzania,TZA,2010,7.31061983108521
Tanzania,TZA,2012,3.0928099155426
Tanzania,TZA,2013,3.14279007911682
Thailand,THA,1998,1.4159699678421
Thailand,THA,1999,1.21090996265411
Thailand,THA,2000,1.10548996925354
Thailand,THA,2001,1.05030000209808
Thailand,THA,2002,1.19550001621246
Thailand,THA,2003,1.1691700220108
Thailand,THA,2004,1.15101003646851
Thailand,THA,2005,1.08591997623444
Thailand,THA,2006,1.10304999351501
Thailand,THA,2007,1.06856000423431
Thailand,THA,2008,1.08598005771637
Thailand,THA,2009,1.12538003921509
Thailand,THA,2010,1.16640996932983
Thailand,THA,2011,1.08636999130249
Thailand,THA,2012,1.08250999450684
Thailand,THA,2013,1.06093001365662
Timor,TLS,2002,6.48658990859985
Timor,TLS,2009,20.2295703887939
Timor,TLS,2010,19.9989204406738
Togo,TGO,1998,15.9754199981689
Togo,TGO,2006,13.0009002685547
Togo,TGO,2007,10.8056001663208
Togo,TGO,2010,5.8883900642395
Togo,TGO,2011,5.3581600189209
Togo,TGO,2012,5.22221994400024
Togo,TGO,2013,5.15383005142212
Tonga,TON,1999,282.417572021484
Tonga,TON,2000,199.049423217773
Tonga,TON,2001,233.125823974609
Tonga,TON,2002,196.83332824707
Tonga,TON,2003,157.335327148438
Trinidad and Tobago,TTO,1999,48.4548301696777
Trinidad and Tobago,TTO,2000,52.7562408447266
Trinidad and Tobago,TTO,2001,47.6097106933594
Trinidad and Tobago,TTO,2002,35.5565185546875
Trinidad and Tobago,TTO,2003,39.9859313964844
Trinidad and Tobago,TTO,2004,33.6099281311035
Tunisia,TUN,1998,6.73823976516724
Tunisia,TUN,1999,6.04692983627319
Tunisia,TUN,2000,5.71289014816284
Tunisia,TUN,2001,5.42004013061523
Tunisia,TUN,2002,5.57908010482788
Tunisia,TUN,2011,5.39457988739014
Tunisia,TUN,2012,5.29061985015869
Tunisia,TUN,2013,5.00581979751587
Turkey,TUR,1998,3.62273001670837
Turkey,TUR,1999,3.50199007987976
Turkey,TUR,2001,3.23995995521545
Turkey,TUR,2002,3.30484008789063
Turkey,TUR,2003,2.88319993019104
Turkey,TUR,2004,2.81442999839783
Turkey,TUR,2005,2.63053011894226
Turkey,TUR,2006,1.59835994243622
Turkey,TUR,2007,1.6017199754715
Turkey,TUR,2008,1.73836994171143
Turkey,TUR,2009,1.70726001262665
Turkey,TUR,2010,1.47011995315552
Turkey,TUR,2011,1.39424002170563
Turkey,TUR,2012,1.22649002075195
Turkey,TUR,2013,0.903680026531219
Turks and Caicos Islands,TCA,2008,12550
Turks and Caicos Islands,TCA,2010,4480
Uganda,UGA,1999,5.23514986038208
Uganda,UGA,2000,3.95350003242493
Uganda,UGA,2001,3.66741991043091
Uganda,UGA,2002,3.00268006324768
Uganda,UGA,2003,2.90664005279541
Uganda,UGA,2004,2.85374999046326
Uganda,UGA,2006,2.8501501083374
Uganda,UGA,2008,3.12220001220703
Uganda,UGA,2009,3.13534998893738
Uganda,UGA,2010,3.11324000358582
Uganda,UGA,2011,3.51175999641418
Ukraine,UKR,1998,0.788420021533966
Ukraine,UKR,1999,0.764819979667664
Ukraine,UKR,2000,1.15321004390717
Ukraine,UKR,2001,0.944019973278046
Ukraine,UKR,2002,1.04098999500275
Ukraine,UKR,2003,0.833850026130676
Ukraine,UKR,2004,1.01094996929169
Ukraine,UKR,2005,1.02491998672485
Ukraine,UKR,2006,0.942099988460541
Ukraine,UKR,2007,0.950139999389648
Ukraine,UKR,2008,1.14371001720428
Ukraine,UKR,2009,1.2085599899292
Ukraine,UKR,2010,1.37391996383667
Ukraine,UKR,2011,1.45854997634888
Ukraine,UKR,2012,1.57061004638672
Ukraine,UKR,2013,1.79858994483948
United Arab Emirates,ARE,2007,7.66319990158081
United Arab Emirates,ARE,2008,7.81242990493774
United Arab Emirates,ARE,2009,7.65732002258301
United Arab Emirates,ARE,2010,7.89638996124268
United Arab Emirates,ARE,2011,7.38784980773926
United Arab Emirates,ARE,2012,6.94913005828857
United Arab Emirates,ARE,2013,6.427649974823
United Kingdom,GBR,1998,1.45179998874664
United Kingdom,GBR,1999,1.33361995220184
United Kingdom,GBR,2000,1.10310995578766
United Kingdom,GBR,2001,1.35063004493713
United Kingdom,GBR,2002,1.32095003128052
United Kingdom,GBR,2003,1.39374995231628
United Kingdom,GBR,2004,1.06807005405426
United Kingdom,GBR,2005,1.00775003433228
United Kingdom,GBR,2006,0.994229972362518
United Kingdom,GBR,2007,1.06561005115509
United Kingdom,GBR,2008,0.930450022220612
United Kingdom,GBR,2009,0.976180016994476
United Kingdom,GBR,2010,0.992269992828369
United Kingdom,GBR,2011,1.14985001087189
United Kingdom,GBR,2012,1.05592000484467
United Kingdom,GBR,2013,1.14731001853943
United States,USA,1998,0.287620007991791
United States,USA,1999,0.301420003175735
United States,USA,2000,0.329340010881424
United States,USA,2001,0.3507199883461
United States,USA,2002,0.328280001878738
United States,USA,2003,0.309599995613098
United States,USA,2004,0.299569994211197
United States,USA,2005,0.30511000752449
United States,USA,2006,0.311190009117126
United States,USA,2007,0.323529988527298
United States,USA,2008,0.303009986877441
United States,USA,2009,0.298469990491867
United States,USA,2010,0.28150999546051
United States,USA,2011,0.284350007772446
United States,USA,2012,0.287209987640381
United States,USA,2013,0.301869988441467
Upper middle income,,1997,2.32132005691528
Upper middle income,,1998,2.23396992683411
Upper middle income,,1999,2.11226010322571
Upper middle income,,2000,2.03762006759644
Upper middle income,,2001,1.94639003276825
Upper middle income,,2002,2.03162002563477
Upper middle income,,2003,2.10156011581421
Upper middle income,,2004,2.02066993713379
Upper middle income,,2005,1.94963002204895
Upper middle income,,2006,1.75507998466492
Upper middle income,,2007,1.73037004470825
Upper middle income,,2008,1.76690995693207
Upper middle income,,2009,1.79879999160767
Upper middle income,,2010,1.84368002414703
Upper middle income,,2011,1.95660996437073
Upper middle income,,2012,1.94595003128052
Upper middle income,,2013,1.90258002281189
Uruguay,URY,1998,1.36383998394012
Uruguay,URY,1999,1.46914994716644
Uruguay,URY,2000,1.61448001861572
Uruguay,URY,2001,1.54182994365692
Uruguay,URY,2002,1.75168001651764
Uruguay,URY,2003,1.87553000450134
Uruguay,URY,2004,1.80342996120453
Uruguay,URY,2005,1.82731997966766
Uruguay,URY,2006,1.88422000408173
Uruguay,URY,2007,1.66591000556946
Uruguay,URY,2008,1.49142003059387
Uruguay,URY,2009,1.52587997913361
Uruguay,URY,2010,1.75628995895386
Uzbekistan,UZB,1999,4.57245016098022
Uzbekistan,UZB,2000,4.36088991165161
Uzbekistan,UZB,2001,3.46387004852295
Uzbekistan,UZB,2002,3.75463008880615
Uzbekistan,UZB,2003,3.53540992736816
Uzbekistan,UZB,2004,4.58683013916016
Uzbekistan,UZB,2005,8.78330039978027
Uzbekistan,UZB,2006,10.3963203430176
Uzbekistan,UZB,2007,11.1065998077393
Uzbekistan,UZB,2008,10.489839553833
Uzbekistan,UZB,2009,9.64482975006104
Uzbekistan,UZB,2010,8.38481044769287
Uzbekistan,UZB,2011,8.42502021789551
Vanuatu,VUT,1999,119.751167297363
Vanuatu,VUT,2000,117.835372924805
Vanuatu,VUT,2001,116.987648010254
Vanuatu,VUT,2002,91.4338912963867
Vanuatu,VUT,2003,92.0131301879883
Vanuatu,VUT,2004,87.90576171875
Venezuela,VEN,2000,1.19883000850677
Venezuela,VEN,2002,1.05250000953674
Venezuela,VEN,2003,1.03610002994537
Venezuela,VEN,2004,0.926079988479614
Venezuela,VEN,2008,0.594659984111786
Venezuela,VEN,2009,0.610080003738403
Vietnam,VNM,1998,1.08192002773285
Vietnam,VNM,1999,1.00843000411987
Vietnam,VNM,2000,1.24934005737305
Vietnam,VNM,2001,1.31421005725861
Vietnam,VNM,2002,1.55434000492096
Vietnam,VNM,2003,1.79497003555298
Vietnam,VNM,2005,1.53561997413635
Vietnam,VNM,2006,1.63487005233765
Vietnam,VNM,2007,1.76442003250122
Vietnam,VNM,2008,2.20649003982544
Vietnam,VNM,2009,2.47672009468079
Vietnam,VNM,2010,2.33949995040894
Vietnam,VNM,2011,2.33365988731384
Vietnam,VNM,2012,2.34405994415283
Vietnam,VNM,2013,2.37978005409241
World,OWID_WRL,1997,1.97491002082825
World,OWID_WRL,1998,1.91852998733521
World,OWID_WRL,1999,1.84256994724274
World,OWID_WRL,2000,1.82816004753113
World,OWID_WRL,2001,1.80515003204346
World,OWID_WRL,2002,1.85968005657196
World,OWID_WRL,2003,1.9061199426651
World,OWID_WRL,2004,1.82430005073547
World,OWID_WRL,2005,1.81905996799469
World,OWID_WRL,2006,1.72748994827271
World,OWID_WRL,2007,1.73757994174957
World,OWID_WRL,2008,1.74655997753143
World,OWID_WRL,2009,1.7878999710083
World,OWID_WRL,2010,1.79806005954742
World,OWID_WRL,2011,1.80710995197296
World,OWID_WRL,2012,1.77404999732971
World,OWID_WRL,2013,1.78548002243042
Yemen,YEM,1999,3.56894993782043
Yemen,YEM,2002,3.87064003944397
Yemen,YEM,2003,3.96062994003296
Yemen,YEM,2004,4.53087997436523
Yemen,YEM,2005,4.58969020843506
Yemen,YEM,2006,4.62523984909058
Yemen,YEM,2007,3.83101010322571
Yemen,YEM,2008,4.10009002685547
Yemen,YEM,2009,4.08810997009277
Yemen,YEM,2010,3.31173992156982
Yemen,YEM,2011,5.02652978897095
Zambia,ZMB,1998,11.7395696640015
Zambia,ZMB,1999,16.9682598114014
Zambia,ZMB,2000,20.8406295776367
Zimbabwe,ZWE,2010,26.6732902526855
Zimbabwe,ZWE,2011,30.7656192779541
Zimbabwe,ZWE,2012,17.0323505401611
Zimbabwe,ZWE,2013,16.8780002593994