Entity,Code,Year,Cost of closing the poverty gap in int-$ 2011 (PovcalNet (World Bank) (2017)) ($)
Albania,ALB,1981,0
Albania,ALB,1984,201115
Albania,ALB,1987,427196
Albania,ALB,1990,684484.5
Albania,ALB,1993,1568003.5
Albania,ALB,1996,4176950.5
Albania,ALB,1999,10999603.5
Albania,ALB,2002,8249182.5
Albania,ALB,2005,3757383
Albania,ALB,2008,1432077.5
Albania,ALB,2010,3027127.5
Albania,ALB,2011,3620070
Albania,ALB,2012,4424530
Albania,ALB,2013,4022300.0000000005
Angola,AGO,1981,1137686750
Angola,AGO,1984,1235350968
Angola,AGO,1987,1315899606
Angola,AGO,1990,1390129766
Angola,AGO,1993,1494336463
Angola,AGO,1996,1597972409
Angola,AGO,1999,1696966760
Angola,AGO,2002,1826668598
Angola,AGO,2005,1981083308
Angola,AGO,2008,1312612416
Angola,AGO,2010,1433345218
Angola,AGO,2011,1466763596
Angola,AGO,2012,1463402895
Angola,AGO,2013,1392076420
Argentina,ARG,1981,36281146
Argentina,ARG,1984,15803478
Argentina,ARG,1987,0
Argentina,ARG,1990,102668514
Argentina,ARG,1993,259455687.5
Argentina,ARG,1996,625148640
Argentina,ARG,1999,576506550
Argentina,ARG,2002,1314964768
Argentina,ARG,2005,555078787
Argentina,ARG,2008,362864859.5
Argentina,ARG,2010,252260625
Argentina,ARG,2011,218499658
Argentina,ARG,2012,205214278.5
Argentina,ARG,2013,256282924.99999997
Armenia,ARM,1981,19442272.5
Armenia,ARM,1984,29432833.5
Armenia,ARM,1987,44390935
Armenia,ARM,1990,63338742
Armenia,ARM,1993,202859846
Armenia,ARM,1996,105962639
Armenia,ARM,1999,87216640.5
Armenia,ARM,2002,68320152.5
Armenia,ARM,2005,18995658.5
Armenia,ARM,2008,6613216
Armenia,ARM,2010,8416316
Armenia,ARM,2011,8650719
Armenia,ARM,2012,6819879
Armenia,ARM,2013,11611964
Azerbaijan,AZE,1981,9550882
Azerbaijan,AZE,1984,10935108
Azerbaijan,AZE,1987,12423359
Azerbaijan,AZE,1990,13903288
Azerbaijan,AZE,1993,49932000
Azerbaijan,AZE,1996,101711484
Azerbaijan,AZE,1999,52574235
Azerbaijan,AZE,2002,0
Azerbaijan,AZE,2005,0
Azerbaijan,AZE,2008,9720096
Azerbaijan,AZE,2010,13179967.5
Azerbaijan,AZE,2011,8903153
Azerbaijan,AZE,2012,8384415.000000001
Azerbaijan,AZE,2013,8492601
Bangladesh,BGD,1981,5020773560
Bangladesh,BGD,1984,5394808624
Bangladesh,BGD,1987,6357460135
Bangladesh,BGD,1990,7599603242
Bangladesh,BGD,1993,7182629432
Bangladesh,BGD,1996,6964244895
Bangladesh,BGD,1999,7375199125
Bangladesh,BGD,2002,6698313305
Bangladesh,BGD,2005,4658731885
Bangladesh,BGD,2008,3752615188
Bangladesh,BGD,2010,3480414357
Bangladesh,BGD,2011,2766135710
Bangladesh,BGD,2012,2433405506
Bangladesh,BGD,2013,2016323510
Belarus,BLR,1981,4040331
Belarus,BLR,1984,4810809.5
Belarus,BLR,1987,5609028
Belarus,BLR,1990,4240059
Belarus,BLR,1993,1420288
Belarus,BLR,1996,23956264
Belarus,BLR,1999,179638692
Belarus,BLR,2002,31486287
Belarus,BLR,2005,4689447
Belarus,BLR,2008,0
Belarus,BLR,2010,0
Belarus,BLR,2011,0
Belarus,BLR,2012,0
Belarus,BLR,2013,0
Belize,BLZ,1981,6761625
Belize,BLZ,1984,9575848
Belize,BLZ,1987,9950338
Belize,BLZ,1990,8156253.5
Belize,BLZ,1993,6962740
Belize,BLZ,1996,7820599.5
Belize,BLZ,1999,10352568
Belize,BLZ,2002,9574461
Belize,BLZ,2005,11165350
Belize,BLZ,2008,13866532.5
Belize,BLZ,2010,13492736
Belize,BLZ,2011,13525330.5
Belize,BLZ,2012,13699399
Belize,BLZ,2013,13157082
Benin,BEN,1981,531688418.99999994
Benin,BEN,1984,612477008
Benin,BEN,1987,680309630
Benin,BEN,1990,753834500
Benin,BEN,1993,816513030
Benin,BEN,1996,872594988
Benin,BEN,1999,853039675
Benin,BEN,2002,836088454.5
Benin,BEN,2005,987072420
Benin,BEN,2008,1066227122.9999999
Benin,BEN,2010,1226044892
Benin,BEN,2011,1292052915
Benin,BEN,2012,1294268648
Benin,BEN,2013,1233853008
Bhutan,BTN,1981,222035121
Bhutan,BTN,1984,222541376
Bhutan,BTN,1987,214603575
Bhutan,BTN,1990,197580924
Bhutan,BTN,1993,154309298
Bhutan,BTN,1996,115195204.5
Bhutan,BTN,1999,86659760
Bhutan,BTN,2002,58628490
Bhutan,BTN,2005,20194720
Bhutan,BTN,2008,4258783.5
Bhutan,BTN,2010,5542452
Bhutan,BTN,2011,3948789
Bhutan,BTN,2012,2104079
Bhutan,BTN,2013,1196287.5
Bolivia,BOL,1981,36034953.5
Bolivia,BOL,1984,82778934
Bolivia,BOL,1987,67200150
Bolivia,BOL,1990,71361150
Bolivia,BOL,1993,252591424.5
Bolivia,BOL,1996,493622204
Bolivia,BOL,1999,870212122
Bolivia,BOL,2002,848826662.5
Bolivia,BOL,2005,695215719
Bolivia,BOL,2008,400121760
Bolivia,BOL,2010,343976000
Bolivia,BOL,2011,255152520
Bolivia,BOL,2012,344419840
Bolivia,BOL,2013,274071200
Bosnia and Herzegovina,BIH,1981,4358647.5
Bosnia and Herzegovina,BIH,1984,3894696
Bosnia and Herzegovina,BIH,1987,3736578
Bosnia and Herzegovina,BIH,1990,3769866
Bosnia and Herzegovina,BIH,1993,4306635
Bosnia and Herzegovina,BIH,1996,8719375.5
Bosnia and Herzegovina,BIH,1999,3932145
Bosnia and Herzegovina,BIH,2002,2642235
Bosnia and Herzegovina,BIH,2005,1062442
Bosnia and Herzegovina,BIH,2008,532608
Bosnia and Herzegovina,BIH,2010,532608
Bosnia and Herzegovina,BIH,2011,531221
Bosnia and Herzegovina,BIH,2012,531221
Bosnia and Herzegovina,BIH,2013,529834
Botswana,BWA,1981,181290609
Botswana,BWA,1984,153769755
Botswana,BWA,1987,145052460
Botswana,BWA,1990,122308434
Botswana,BWA,1993,139497525
Botswana,BWA,1996,139790182
Botswana,BWA,1999,129735818.99999999
Botswana,BWA,2002,143625930.5
Botswana,BWA,2005,117381810
Botswana,BWA,2008,72818193.5
Botswana,BWA,2010,74211435
Botswana,BWA,2011,69282037
Botswana,BWA,2012,66471975
Botswana,BWA,2013,57903089
Brazil,BRA,1981,8546232823
Brazil,BRA,1984,11221634460
Brazil,BRA,1987,7369147644
Brazil,BRA,1990,8593946316
Brazil,BRA,1993,9368169716
Brazil,BRA,1996,7038622770
Brazil,BRA,1999,6472286398
Brazil,BRA,2002,6064459853
Brazil,BRA,2005,5071582144
Brazil,BRA,2008,3944131454
Brazil,BRA,2010,3980571412
Brazil,BRA,2011,4074476166
Brazil,BRA,2012,3481037120
Brazil,BRA,2013,3923824387
Bulgaria,BGR,1981,3699129
Bulgaria,BGR,1984,3106880
Bulgaria,BGR,1987,3110347.5
Bulgaria,BGR,1990,4233124
Bulgaria,BGR,1993,11160495.5
Bulgaria,BGR,1996,10435788
Bulgaria,BGR,1999,33023083
Bulgaria,BGR,2002,14190397
Bulgaria,BGR,2005,6977997
Bulgaria,BGR,2008,19218965.5
Bulgaria,BGR,2010,31817780
Bulgaria,BGR,2011,47404192.5
Bulgaria,BGR,2012,39035034.5
Bulgaria,BGR,2013,39325611
Burkina Faso,BFA,1981,2526066122
Burkina Faso,BFA,1984,2718601833
Burkina Faso,BFA,1987,2788674460
Burkina Faso,BFA,1990,3034094401
Burkina Faso,BFA,1993,3191587558
Burkina Faso,BFA,1996,3260669173
Burkina Faso,BFA,1999,2859189540
Burkina Faso,BFA,2002,2471703350
Burkina Faso,BFA,2005,2087508511
Burkina Faso,BFA,2008,2003552014
Burkina Faso,BFA,2010,1869797363
Burkina Faso,BFA,2011,1701539006
Burkina Faso,BFA,2012,1524434363
Burkina Faso,BFA,2013,1447456556
Burundi,BDI,1981,1147359688
Burundi,BDI,1984,1334133108
Burundi,BDI,1987,1323249319
Burundi,BDI,1990,1448057127
Burundi,BDI,1993,1607324950
Burundi,BDI,1996,1891588520
Burundi,BDI,1999,2035636098
Burundi,BDI,2002,1943481044
Burundi,BDI,2005,1960005762
Burundi,BDI,2008,1942042725
Burundi,BDI,2010,2079681670
Burundi,BDI,2011,2131181674
Burundi,BDI,2012,2184771886
Burundi,BDI,2013,2221849170
Cambodia,KHM,1981,555417908.5
Cambodia,KHM,1984,540006258
Cambodia,KHM,1987,518812204.5
Cambodia,KHM,1990,491751834.5
Cambodia,KHM,1993,469274806
Cambodia,KHM,1996,432558142
Cambodia,KHM,1999,433529042
Cambodia,KHM,2002,408022112
Cambodia,KHM,2005,293749956
Cambodia,KHM,2008,178718417.5
Cambodia,KHM,2010,64731290
Cambodia,KHM,2011,55649907.5
Cambodia,KHM,2012,28796894
Cambodia,KHM,2013,23007556
Cameroon,CMR,1981,435767660
Cameroon,CMR,1984,338003578
Cameroon,CMR,1987,338099281
Cameroon,CMR,1990,766741922
Cameroon,CMR,1993,1473216614
Cameroon,CMR,1996,1518437668
Cameroon,CMR,1999,906746395.5
Cameroon,CMR,2002,742436134
Cameroon,CMR,2005,950530518
Cameroon,CMR,2008,1187532063
Cameroon,CMR,2010,1415065252
Cameroon,CMR,2011,1416337824
Cameroon,CMR,2012,1387959804
Cameroon,CMR,2013,1303062921
Cape Verde,CPV,1981,63391448
Cape Verde,CPV,1984,60840755
Cape Verde,CPV,1987,55391232
Cape Verde,CPV,1990,53901594
Cape Verde,CPV,1993,49266240
Cape Verde,CPV,1996,30347560
Cape Verde,CPV,1999,18936017.5
Cape Verde,CPV,2002,14068341
Cape Verde,CPV,2005,9843539
Cape Verde,CPV,2008,5392656
Cape Verde,CPV,2010,5708892
Cape Verde,CPV,2011,5270600
Cape Verde,CPV,2012,5305275
Cape Verde,CPV,2013,5446749
Central African Republic,CAF,1981,852938424
Central African Republic,CAF,1984,937390080
Central African Republic,CAF,1987,1031945338
Central African Republic,CAF,1990,1130360616
Central African Republic,CAF,1993,1266495360
Central African Republic,CAF,1996,1169756964
Central African Republic,CAF,1999,987956632.5
Central African Republic,CAF,2002,820740606
Central African Republic,CAF,2005,876780954
Central African Republic,CAF,2008,981873944
Central African Republic,CAF,2010,1009342092
Central African Republic,CAF,2011,1015978887
Central African Republic,CAF,2012,1014056505
Central African Republic,CAF,2013,1545000105
Chad,TCD,1981,1278814000
Chad,TCD,1984,1177773824
Chad,TCD,1987,1221597476
Chad,TCD,1990,1263537582
Chad,TCD,1993,1578627920
Chad,TCD,1996,1681010712
Chad,TCD,1999,1844454792
Chad,TCD,2002,1898040150
Chad,TCD,2005,953952247
Chad,TCD,2008,1229141369
Chad,TCD,2010,1179303685
Chad,TCD,2011,1304244645
Chad,TCD,2012,1245570384
Chad,TCD,2013,1244815163
Chile,CHL,1981,174720390
Chile,CHL,1984,283541636
Chile,CHL,1987,267211098
Chile,CHL,1990,246951189
Chile,CHL,1993,160548024
Chile,CHL,1996,121834080
Chile,CHL,1999,145440820
Chile,CHL,2002,125013084
Chile,CHL,2005,84856660
Chile,CHL,2008,81982102.5
Chile,CHL,2010,76721905
Chile,CHL,2011,59641000
Chile,CHL,2012,56681835.5
Chile,CHL,2013,54862785
China,CHN,1981,297692566600
China,CHN,1984,211470136000
China,CHN,1987,163362172100
China,CHN,1990,191853864400
China,CHN,1993,168107942400
China,CHN,1996,110105968600
China,CHN,1999,114938957600
China,CHN,2002,90838042020
China,CHN,2005,44664013110
China,CHN,2008,35551821180
China,CHN,2010,24676870140
China,CHN,2011,16405913130
China,CHN,2012,12832933170
China,CHN,2013,3294700605
Colombia,COL,1981,923063757
Colombia,COL,1984,1003976483
Colombia,COL,1987,1044488672
Colombia,COL,1990,1076610899
Colombia,COL,1993,1338080510
Colombia,COL,1996,2301005260
Colombia,COL,1999,2949300156
Colombia,COL,2002,1703781785
Colombia,COL,2005,1116804078
Colombia,COL,2008,1388761490
Colombia,COL,2010,945811944
Colombia,COL,2011,811070442
Colombia,COL,2012,942827120
Colombia,COL,2013,814191192
Comoros,COM,1981,6036224
Comoros,COM,1984,5461312.5
Comoros,COM,1987,6509191
Comoros,COM,1990,8272068.000000001
Comoros,COM,1993,9705532.5
Comoros,COM,1996,14408156
Comoros,COM,1999,15915131.5
Comoros,COM,2002,14399834
Comoros,COM,2005,15564914
Comoros,COM,2008,18446406.5
Comoros,COM,2010,19660725
Comoros,COM,2011,20172528
Comoros,COM,2012,20148949
Comoros,COM,2013,20180850
Congo,COG,1981,262496685
Congo,COG,1984,188364309
Congo,COG,1987,272490020
Congo,COG,1990,309117222.5
Congo,COG,1993,354446463
Congo,COG,1996,417681180
Congo,COG,1999,503472678
Congo,COG,2002,481326449
Congo,COG,2005,483993650
Congo,COG,2008,532549052.5
Congo,COG,2010,418301169
Congo,COG,2011,430766138
Congo,COG,2012,434664301.5
Congo,COG,2013,438707406.5
Costa Rica,CRI,1981,278478392.5
Costa Rica,CRI,1984,166023900
Costa Rica,CRI,1987,121610079.5
Costa Rica,CRI,1990,113727065
Costa Rica,CRI,1993,105622824
Costa Rica,CRI,1996,105356520
Costa Rica,CRI,1999,79832252.5
Costa Rica,CRI,2002,96856984
Costa Rica,CRI,2005,59831712.5
Costa Rica,CRI,2008,47619177.5
Costa Rica,CRI,2010,23034602.5
Costa Rica,CRI,2011,21373670
Costa Rica,CRI,2012,21928470
Costa Rica,CRI,2013,19598310
Cote d'Ivoire,CIV,1981,80197727
Cote d'Ivoire,CIV,1984,138897647.5
Cote d'Ivoire,CIV,1987,110009905
Cote d'Ivoire,CIV,1990,319872020.5
Cote d'Ivoire,CIV,1993,610418700
Cote d'Ivoire,CIV,1996,556117650
Cote d'Ivoire,CIV,1999,807021789
Cote d'Ivoire,CIV,2002,840449182.5
Cote d'Ivoire,CIV,2005,1127812004
Cote d'Ivoire,CIV,2008,1375751430
Cote d'Ivoire,CIV,2010,1418351748
Cote d'Ivoire,CIV,2011,1638615670
Cote d'Ivoire,CIV,2012,1460358430
Cote d'Ivoire,CIV,2013,1331420136
Croatia,HRV,1981,1598517.5
Croatia,HRV,1984,1622790
Croatia,HRV,1987,1643595
Croatia,HRV,1990,4640902
Croatia,HRV,1993,8044600.000000001
Croatia,HRV,1996,10586971
Croatia,HRV,1999,7573020
Croatia,HRV,2002,923742
Croatia,HRV,2005,0
Croatia,HRV,2008,0
Croatia,HRV,2010,0
Croatia,HRV,2011,15137718
Croatia,HRV,2012,16879096.5
Croatia,HRV,2013,16839567
Czech Republic,CZE,1981,0
Czech Republic,CZE,1984,0
Czech Republic,CZE,1987,0
Czech Republic,CZE,1990,0
Czech Republic,CZE,1993,716385.5
Czech Republic,CZE,1996,10735380
Czech Republic,CZE,1999,6416262
Czech Republic,CZE,2002,2829480
Czech Republic,CZE,2005,0
Czech Republic,CZE,2008,2879412
Czech Republic,CZE,2010,1452189
Czech Republic,CZE,2011,4369050
Czech Republic,CZE,2012,5830948
Czech Republic,CZE,2013,5830948
Democratic Republic of Congo,COD,1981,4836115315
Democratic Republic of Congo,COD,1984,5309808410
Democratic Republic of Congo,COD,1987,5816223608
Democratic Republic of Congo,COD,1990,7925612044
Democratic Republic of Congo,COD,1993,13633468650
Democratic Republic of Congo,COD,1996,16588574089.999998
Democratic Republic of Congo,COD,1999,19939827540
Democratic Republic of Congo,COD,2002,23325943930
Democratic Republic of Congo,COD,2005,24579908440
Democratic Republic of Congo,COD,2008,22851456780
Democratic Republic of Congo,COD,2010,22590318660
Democratic Republic of Congo,COD,2011,21442790450
Democratic Republic of Congo,COD,2012,20132145500
Democratic Republic of Congo,COD,2013,19144258210
Djibouti,DJI,1981,692806.5
Djibouti,DJI,1984,1497960
Djibouti,DJI,1987,3737965
Djibouti,DJI,1990,9247129
Djibouti,DJI,1993,17176608
Djibouti,DJI,1996,25648404
Djibouti,DJI,1999,29887769.5
Djibouti,DJI,2002,31363537.5
Djibouti,DJI,2005,36729147
Djibouti,DJI,2008,39883185
Djibouti,DJI,2010,43170375
Djibouti,DJI,2011,44797326
Djibouti,DJI,2012,46273787.5
Djibouti,DJI,2013,44790391
Dominican Republic,DOM,1981,680523228
Dominican Republic,DOM,1984,702394137.5
Dominican Republic,DOM,1987,706490642
Dominican Republic,DOM,1990,588556806
Dominican Republic,DOM,1993,82329546
Dominican Republic,DOM,1996,103579773
Dominican Republic,DOM,1999,111077895
Dominican Republic,DOM,2002,119410297.5
Dominican Republic,DOM,2005,108294186
Dominican Republic,DOM,2008,64847798
Dominican Republic,DOM,2010,41193900
Dominican Republic,DOM,2011,50081796
Dominican Republic,DOM,2012,47912528
Dominican Republic,DOM,2013,39923408
Ecuador,ECU,1981,539486133
Ecuador,ECU,1984,633687012
Ecuador,ECU,1987,656189700
Ecuador,ECU,1990,668357851
Ecuador,ECU,1993,626490562.5
Ecuador,ECU,1996,590495832
Ecuador,ECU,1999,839301440
Ecuador,ECU,2002,687961015.5
Ecuador,ECU,2005,541229592
Ecuador,ECU,2008,396834570
Ecuador,ECU,2010,295087717.5
Ecuador,ECU,2011,272657847
Ecuador,ECU,2012,263066741.99999997
Ecuador,ECU,2013,186795612
El Salvador,SLV,1981,336666510
El Salvador,SLV,1984,375126633
El Salvador,SLV,1987,395395557.5
El Salvador,SLV,1990,389937712.5
El Salvador,SLV,1993,363126309
El Salvador,SLV,1996,362972352
El Salvador,SLV,1999,357151113
El Salvador,SLV,2002,225524813
El Salvador,SLV,2005,142358212.5
El Salvador,SLV,2008,82803900
El Salvador,SLV,2010,97597642
El Salvador,SLV,2011,44547666
El Salvador,SLV,2012,41253541
El Salvador,SLV,2013,31253271
Estonia,EST,1981,516657.5
Estonia,EST,1984,527060
Estonia,EST,1987,537462.5
Estonia,EST,1990,2830867
Estonia,EST,1993,5063243.5
Estonia,EST,1996,787816
Estonia,EST,1999,1818357
Estonia,EST,2002,2871090
Estonia,EST,2005,8613270
Estonia,EST,2008,3903018
Estonia,EST,2010,9131314.5
Estonia,EST,2011,10791553.5
Estonia,EST,2012,11076582
Estonia,EST,2013,11076582
Ethiopia,ETH,1981,4657788032
Ethiopia,ETH,1984,5403319950
Ethiopia,ETH,1987,5860468908
Ethiopia,ETH,1990,7379175654
Ethiopia,ETH,1993,10399581750
Ethiopia,ETH,1996,9079390768
Ethiopia,ETH,1999,7954816023
Ethiopia,ETH,2002,6306958078
Ethiopia,ETH,2005,4468151844
Ethiopia,ETH,2008,5064444642
Ethiopia,ETH,2010,5471129686
Ethiopia,ETH,2011,5060214292
Ethiopia,ETH,2012,4424216538
Ethiopia,ETH,2013,3659216688
Fiji,FJI,1981,8564725
Fiji,FJI,1984,13010060
Fiji,FJI,1987,16976880
Fiji,FJI,1990,11137610
Fiji,FJI,1993,10804730
Fiji,FJI,1996,8005763.999999999
Fiji,FJI,1999,6853167
Fiji,FJI,2002,6312237
Fiji,FJI,2005,4663094
Fiji,FJI,2008,4602066
Fiji,FJI,2010,4711639
Fiji,FJI,2011,5611108.5
Fiji,FJI,2012,5430105
Fiji,FJI,2013,4577100
Gabon,GAB,1981,4265025
Gabon,GAB,1984,4325359.5
Gabon,GAB,1987,13304104
Gabon,GAB,1990,8037665.000000001
Gabon,GAB,1993,9143104
Gabon,GAB,1996,8467635
Gabon,GAB,1999,12150120
Gabon,GAB,2002,16550377.5
Gabon,GAB,2005,17705055
Gabon,GAB,2008,23651124
Gabon,GAB,2010,22641388
Gabon,GAB,2011,19942286
Gabon,GAB,2012,18534481
Gabon,GAB,2013,16935270
Gambia,GMB,1981,144309721.5
Gambia,GMB,1984,157722705
Gambia,GMB,1987,195567000
Gambia,GMB,1990,223817416
Gambia,GMB,1993,246062815.5
Gambia,GMB,1996,281415365
Gambia,GMB,1999,208461939
Gambia,GMB,2002,263733195.50000003
Gambia,GMB,2005,181652616
Gambia,GMB,2008,198700233
Gambia,GMB,2010,191507251
Gambia,GMB,2011,224277900
Gambia,GMB,2012,223180783
Gambia,GMB,2013,225521345.5
Georgia,GEO,1981,11234700
Georgia,GEO,1984,4165161.0000000005
Georgia,GEO,1987,6574380
Georgia,GEO,1990,73899360
Georgia,GEO,1993,662289032.5
Georgia,GEO,1996,38768037
Georgia,GEO,1999,214790820
Georgia,GEO,2002,167813130
Georgia,GEO,2005,156330157
Georgia,GEO,2008,138622328
Georgia,GEO,2010,174701665.5
Georgia,GEO,2011,166021126
Georgia,GEO,2012,133867692
Georgia,GEO,2013,88080048
Ghana,GHA,1981,881449596
Ghana,GHA,1984,1290792132
Ghana,GHA,1987,1263900976
Ghana,GHA,1990,1482316721
Ghana,GHA,1993,1657244467
Ghana,GHA,1996,1565822443
Ghana,GHA,1999,1400843647
Ghana,GHA,2002,1413609595
Ghana,GHA,2005,1308355713
Ghana,GHA,2008,1120757028
Ghana,GHA,2010,1010268608
Ghana,GHA,2011,821225362.5
Ghana,GHA,2012,733276386
Ghana,GHA,2013,678509304
Guatemala,GTM,1981,1076251666
Guatemala,GTM,1984,1317088959
Guatemala,GTM,1987,1343620188
Guatemala,GTM,1990,1105963286
Guatemala,GTM,1993,800719261
Guatemala,GTM,1996,534929144.5
Guatemala,GTM,1999,351329874
Guatemala,GTM,2002,336115177.5
Guatemala,GTM,2005,361043035
Guatemala,GTM,2008,366948187.5
Guatemala,GTM,2010,410653251
Guatemala,GTM,2011,417487000
Guatemala,GTM,2012,383727420
Guatemala,GTM,2013,343840074
Guinea,GIN,1981,2020399903
Guinea,GIN,1984,2167560603
Guinea,GIN,1987,2347937179
Guinea,GIN,1990,2598155447
Guinea,GIN,1993,1715069884
Guinea,GIN,1996,1205081080
Guinea,GIN,1999,1420509920
Guinea,GIN,2002,1627461416
Guinea,GIN,2005,1641664296
Guinea,GIN,2008,1471233897
Guinea,GIN,2010,1242285275
Guinea,GIN,2011,1042535776
Guinea,GIN,2012,833962877
Guinea,GIN,2013,866025462.5
Guinea-Bissau,GNB,1981,155904348
Guinea-Bissau,GNB,1984,160653436
Guinea-Bissau,GNB,1987,173632288.5
Guinea-Bissau,GNB,1990,170766053
Guinea-Bissau,GNB,1993,222322923.5
Guinea-Bissau,GNB,1996,161617401
Guinea-Bissau,GNB,1999,218643906
Guinea-Bissau,GNB,2002,177002698.5
Guinea-Bissau,GNB,2005,233889810
Guinea-Bissau,GNB,2008,298160616
Guinea-Bissau,GNB,2010,345112646.5
Guinea-Bissau,GNB,2011,327407591.5
Guinea-Bissau,GNB,2012,355291146
Guinea-Bissau,GNB,2013,375078088
Guyana,GUY,1981,58292836
Guyana,GUY,1984,84851805.5
Guyana,GUY,1987,75158062.5
Guyana,GUY,1990,82387800
Guyana,GUY,1993,54575676
Guyana,GUY,1996,28249029
Guyana,GUY,1999,24427844
Guyana,GUY,2002,23760697
Guyana,GUY,2005,23606740
Guyana,GUY,2008,18672487.5
Guyana,GUY,2010,16279912.499999998
Guyana,GUY,2011,14863092
Guyana,GUY,2012,13492736
Guyana,GUY,2013,12122380
Haiti,HTI,1981,1275833337
Haiti,HTI,1984,1333717008
Haiti,HTI,1987,1389543758
Haiti,HTI,1990,1441210895
Haiti,HTI,1993,1488285675
Haiti,HTI,1996,1533796613
Haiti,HTI,1999,1572858000
Haiti,HTI,2002,1740940902
Haiti,HTI,2005,1919479009
Haiti,HTI,2008,1964274255
Haiti,HTI,2010,2113094500.0000002
Haiti,HTI,2011,2063918415
Haiti,HTI,2012,2062337235
Haiti,HTI,2013,2040487131
Honduras,HND,1981,430143375
Honduras,HND,1984,481128108
Honduras,HND,1987,536769000
Honduras,HND,1990,704776310
Honduras,HND,1993,326144728
Honduras,HND,1996,529173787.99999994
Honduras,HND,1999,548304679
Honduras,HND,2002,682022575
Honduras,HND,2005,664639304
Honduras,HND,2008,317193030
Honduras,HND,2010,280867500
Honduras,HND,2011,416416236
Honduras,HND,2012,496511325
Honduras,HND,2013,417008485
Hungary,HUN,1981,4456431
Hungary,HUN,1984,4439787
Hungary,HUN,1987,4414821
Hungary,HUN,1990,4314957
Hungary,HUN,1993,11495456
Hungary,HUN,1996,16444965.499999998
Hungary,HUN,1999,710144
Hungary,HUN,2002,0
Hungary,HUN,2005,0
Hungary,HUN,2008,2088822
Hungary,HUN,2010,5548000
Hungary,HUN,2011,4148517
Hungary,HUN,2012,14446992
Hungary,HUN,2013,14403301.5
India,IND,1981,74871389020
India,IND,1984,72915110130
India,IND,1987,65742884580
India,IND,1990,59832725010
India,IND,1993,68280012720
India,IND,1996,66691313790
India,IND,1999,66895104320
India,IND,2002,68346627559.99999
India,IND,2005,63884224830
India,IND,2008,56700477470
India,IND,2010,47123391580
India,IND,2011,35815412210
India,IND,2012,34526206800
India,IND,2013,28572130650
Indonesia,IDN,1981,33180897250
Indonesia,IDN,1984,29870359880
Indonesia,IDN,1987,29737960320
Indonesia,IDN,1990,21642526080
Indonesia,IDN,1993,22582039660
Indonesia,IDN,1996,17151184980.000002
Indonesia,IDN,1999,13745724800
Indonesia,IDN,2002,6482082085
Indonesia,IDN,2005,6950863813
Indonesia,IDN,2008,7100163960
Indonesia,IDN,2010,4875895169
Indonesia,IDN,2011,4006707346
Indonesia,IDN,2012,3285500634
Indonesia,IDN,2013,2613836175
Iran,IRN,1981,803106288
Iran,IRN,1984,463133863.5
Iran,IRN,1987,908096640
Iran,IRN,1990,592099204
Iran,IRN,1993,244708410
Iran,IRN,1996,259362758.49999997
Iran,IRN,1999,256072100.99999997
Iran,IRN,2002,281699700
Iran,IRN,2005,262592388.00000003
Iran,IRN,2008,55329510.5
Iran,IRN,2010,15447712.5
Iran,IRN,2011,10427466
Iran,IRN,2012,10563392
Iran,IRN,2013,16051057.499999998
Jamaica,JAM,1981,32955120
Jamaica,JAM,1984,37632084
Jamaica,JAM,1987,35365032.5
Jamaica,JAM,1990,14585692
Jamaica,JAM,1993,43318784
Jamaica,JAM,1996,14273617
Jamaica,JAM,1999,12832524
Jamaica,JAM,2002,13263881
Jamaica,JAM,2005,6591024
Jamaica,JAM,2008,6110428.5
Jamaica,JAM,2010,7835163
Jamaica,JAM,2011,7489800
Jamaica,JAM,2012,7893417
Jamaica,JAM,2013,7705478.5
Kazakhstan,KAZ,1981,1018057.9999999999
Kazakhstan,KAZ,1984,1054813.5
Kazakhstan,KAZ,1987,1095730
Kazakhstan,KAZ,1990,1133872.5
Kazakhstan,KAZ,1993,109851093.5
Kazakhstan,KAZ,1996,189082775
Kazakhstan,KAZ,1999,266096643.50000003
Kazakhstan,KAZ,2002,145306281
Kazakhstan,KAZ,2005,4202610
Kazakhstan,KAZ,2008,1086714.5
Kazakhstan,KAZ,2010,2263584
Kazakhstan,KAZ,2011,1148436
Kazakhstan,KAZ,2012,1164386.5
Kazakhstan,KAZ,2013,1181724
Kenya,KEN,1981,886043340
Kenya,KEN,1984,1130914029
Kenya,KEN,1987,1128865430
Kenya,KEN,1990,1149764053
Kenya,KEN,1993,1643786406
Kenya,KEN,1996,1076467344
Kenya,KEN,1999,1517142210
Kenya,KEN,2002,2350932406
Kenya,KEN,2005,2868281325
Kenya,KEN,2008,2885315072
Kenya,KEN,2010,2707385164
Kenya,KEN,2011,2605336639
Kenya,KEN,2012,2581380375
Kenya,KEN,2013,2502698639
Kiribati,KIR,1981,2484117
Kiribati,KIR,1984,2034729
Kiribati,KIR,1987,3106880
Kiribati,KIR,1990,2956390.5
Kiribati,KIR,1993,3534076
Kiribati,KIR,1996,3162360
Kiribati,KIR,1999,2518792
Kiribati,KIR,2002,2521566
Kiribati,KIR,2005,2446668
Kiribati,KIR,2008,2787870
Kiribati,KIR,2010,3134620
Kiribati,KIR,2011,3086075
Kiribati,KIR,2012,3326026
Kiribati,KIR,2013,3242112.5
Kosovo,OWID_KOS,1981,2902297.5
Kosovo,OWID_KOS,1984,2174122.5
Kosovo,OWID_KOS,1987,1456350
Kosovo,OWID_KOS,1990,1418901
Kosovo,OWID_KOS,1993,4508443.5
Kosovo,OWID_KOS,1996,5000135
Kosovo,OWID_KOS,1999,3295512
Kosovo,OWID_KOS,2002,2711585
Kosovo,OWID_KOS,2005,7589664
Kosovo,OWID_KOS,2008,4490412.5
Kosovo,OWID_KOS,2010,3579847
Kosovo,OWID_KOS,2011,1489638
Kosovo,OWID_KOS,2012,1129711.5
Kosovo,OWID_KOS,2013,2398123
Kyrgyzstan,KGZ,1981,0
Kyrgyzstan,KGZ,1984,0
Kyrgyzstan,KGZ,1987,0
Kyrgyzstan,KGZ,1990,218897033.5
Kyrgyzstan,KGZ,1993,702154880
Kyrgyzstan,KGZ,1996,634795918.5
Kyrgyzstan,KGZ,1999,257782271.99999997
Kyrgyzstan,KGZ,2002,301069155
Kyrgyzstan,KGZ,2005,109500876
Kyrgyzstan,KGZ,2008,27670650
Kyrgyzstan,KGZ,2010,41197367.5
Kyrgyzstan,KGZ,2011,8406607
Kyrgyzstan,KGZ,2012,28789959
Kyrgyzstan,KGZ,2013,19040736
Laos,LAO,1981,393253336
Laos,LAO,1984,324244538
Laos,LAO,1987,256941750
Laos,LAO,1990,192463587.5
Laos,LAO,1993,176218350
Laos,LAO,1996,246783362
Laos,LAO,1999,220692505
Laos,LAO,2002,229236425
Laos,LAO,2005,165885200
Laos,LAO,2008,185029267.5
Laos,LAO,2010,175823055
Laos,LAO,2011,160800458
Laos,LAO,2012,164222187
Laos,LAO,2013,146936006
Latvia,LVA,1981,699048
Latvia,LVA,1984,710144
Latvia,LVA,1987,547171.5
Latvia,LVA,1990,368942
Latvia,LVA,1993,0
Latvia,LVA,1996,3241419
Latvia,LVA,1999,5801127.5
Latvia,LVA,2002,3364168.5
Latvia,LVA,2005,38680656
Latvia,LVA,2008,0
Latvia,LVA,2010,19660725
Latvia,LVA,2011,14286100
Latvia,LVA,2012,13655708.5
Latvia,LVA,2013,13242382.5
Lesotho,LSO,1981,426729968
Lesotho,LSO,1984,450586368
Lesotho,LSO,1987,472245760
Lesotho,LSO,1990,483674640
Lesotho,LSO,1993,518733839
Lesotho,LSO,1996,523274876.99999994
Lesotho,LSO,1999,486554052
Lesotho,LSO,2002,436992381
Lesotho,LSO,2005,432187119.5
Lesotho,LSO,2008,438275356
Lesotho,LSO,2010,443689510.5
Lesotho,LSO,2011,436841891.5
Lesotho,LSO,2012,428725861
Lesotho,LSO,2013,420627168
Liberia,LBR,1981,19845196
Liberia,LBR,1984,29659608
Liberia,LBR,1987,33412830
Liberia,LBR,1990,257191410.00000003
Liberia,LBR,1993,766524856.5
Liberia,LBR,1996,979499400
Liberia,LBR,1999,499559951
Liberia,LBR,2002,400899173.5
Liberia,LBR,2005,725905174.5
Liberia,LBR,2008,688461722.5
Liberia,LBR,2010,703317186
Liberia,LBR,2011,671718552
Liberia,LBR,2012,636071958.5
Liberia,LBR,2013,589370281.5
Lithuania,LTU,1981,2140834.5
Lithuania,LTU,1984,1703929.5
Lithuania,LTU,1987,1255235
Lithuania,LTU,1990,28225450
Lithuania,LTU,1993,23223928
Lithuania,LTU,1996,0
Lithuania,LTU,1999,1220560
Lithuania,LTU,2002,1669948
Lithuania,LTU,2005,20031054
Lithuania,LTU,2008,665760
Lithuania,LTU,2010,28593005
Lithuania,LTU,2011,17230701
Lithuania,LTU,2012,15551737.5
Lithuania,LTU,2013,15190424
Macedonia,MKD,1981,0
Macedonia,MKD,1984,0
Macedonia,MKD,1987,0
Macedonia,MKD,1990,1109600
Macedonia,MKD,1993,2854446
Macedonia,MKD,1996,1087408
Macedonia,MKD,1999,10263800
Macedonia,MKD,2002,4364195.5
Macedonia,MKD,2005,5376012
Macedonia,MKD,2008,5142996
Macedonia,MKD,2010,5142996
Macedonia,MKD,2011,6459952.5
Macedonia,MKD,2012,6172843.5
Macedonia,MKD,2013,5598625.5
Madagascar,MDG,1981,1369455837
Madagascar,MDG,1984,1637680832
Madagascar,MDG,1987,1874780160
Madagascar,MDG,1990,1952819715
Madagascar,MDG,1993,2620986160
Madagascar,MDG,1996,2825166430
Madagascar,MDG,1999,2932496651
Madagascar,MDG,2002,4540354209
Madagascar,MDG,2005,4020864455
Madagascar,MDG,2008,4555551568
Madagascar,MDG,2010,5894372736
Madagascar,MDG,2011,6027563572
Madagascar,MDG,2012,6064218515
Madagascar,MDG,2013,6270585390
Malawi,MWI,1981,1181309981
Malawi,MWI,1984,1233735113
Malawi,MWI,1987,1683910929
Malawi,MWI,1990,2081741364.9999998
Malawi,MWI,1993,1957542450
Malawi,MWI,1996,1783383102
Malawi,MWI,1999,1941400544
Malawi,MWI,2002,2618889710
Malawi,MWI,2005,2851585313
Malawi,MWI,2008,3176264675
Malawi,MWI,2010,3395552843
Malawi,MWI,2011,3479124447
Malawi,MWI,2012,3635486505
Malawi,MWI,2013,3664742496
Malaysia,MYS,1981,69820193
Malaysia,MYS,1984,61661859
Malaysia,MYS,1987,35902495
Malaysia,MYS,1990,22731543
Malaysia,MYS,1993,20492925
Malaysia,MYS,1996,8846286
Malaysia,MYS,1999,23821725
Malaysia,MYS,2002,18613540
Malaysia,MYS,2005,19681530
Malaysia,MYS,2008,13204240
Malaysia,MYS,2010,5850366
Malaysia,MYS,2011,3962659
Malaysia,MYS,2012,4025074
Malaysia,MYS,2013,2043744.4999999998
Maldives,MDV,1981,25520800
Maldives,MDV,1984,23143482
Maldives,MDV,1987,20222460
Maldives,MDV,1990,16996298
Maldives,MDV,1993,13631436
Maldives,MDV,1996,10674352
Maldives,MDV,1999,8349740.000000001
Maldives,MDV,2002,6324720
Maldives,MDV,2005,5681152
Maldives,MDV,2008,3020886
Maldives,MDV,2010,3566670.5
Maldives,MDV,2011,2925183
Maldives,MDV,2012,2975115
Maldives,MDV,2013,2704650
Mali,MLI,1981,2798817591
Mali,MLI,1984,3179010242
Mali,MLI,1987,3055153916
Mali,MLI,1990,3139213744
Mali,MLI,1993,3305757076
Mali,MLI,1996,3140348310
Mali,MLI,1999,2093686209
Mali,MLI,2002,1799499348
Mali,MLI,2005,1657831168
Mali,MLI,2008,1627159050
Mali,MLI,2010,1587527606
Mali,MLI,2011,1650812948
Mali,MLI,2012,1814379084
Mali,MLI,2013,1917911006
Mauritania,MRT,1981,170276442
Mauritania,MRT,1984,212918370
Mauritania,MRT,1987,225002607.5
Mauritania,MRT,1990,224699548
Mauritania,MRT,1993,208410620
Mauritania,MRT,1996,96701640
Mauritania,MRT,1999,93748717
Mauritania,MRT,2002,99664272
Mauritania,MRT,2005,72526230
Mauritania,MRT,2008,64559995.5
Mauritania,MRT,2010,63984390.5
Mauritania,MRT,2011,58187424
Mauritania,MRT,2012,51380028
Mauritania,MRT,2013,45088596
Mauritius,MUS,1981,29699831
Mauritius,MUS,1984,24305094.5
Mauritius,MUS,1987,11251344
Mauritius,MUS,1990,6542479
Mauritius,MUS,1993,4271960
Mauritius,MUS,1996,2899523.5
Mauritius,MUS,1999,1882159
Mauritius,MUS,2002,1165080
Mauritius,MUS,2005,767704.5
Mauritius,MUS,2008,687952
Mauritius,MUS,2010,780187.5
Mauritius,MUS,2011,866875
Mauritius,MUS,2012,961191
Mauritius,MUS,2013,786429
Mexico,MEX,1981,831544642.5
Mexico,MEX,1984,1186767132
Mexico,MEX,1987,1748896734
Mexico,MEX,1990,1757367836
Mexico,MEX,1993,1575805375
Mexico,MEX,1996,2888145939
Mexico,MEX,1999,2935645141
Mexico,MEX,2002,1830493250
Mexico,MEX,2005,2519294788
Mexico,MEX,2008,693665746.5
Mexico,MEX,2010,789724512
Mexico,MEX,2011,676160419.5
Mexico,MEX,2012,567192151.5
Mexico,MEX,2013,635021306
Micronesia (country),FSM,1981,2246940
Micronesia (country),FSM,1984,2479956
Micronesia (country),FSM,1987,3052093.5
Micronesia (country),FSM,1990,3141555
Micronesia (country),FSM,1993,2253875
Micronesia (country),FSM,1996,2555547.5
Micronesia (country),FSM,1999,2669975
Micronesia (country),FSM,2002,2113094.5
Micronesia (country),FSM,2005,2021552.4999999998
Micronesia (country),FSM,2008,3016725
Micronesia (country),FSM,2010,3363475
Micronesia (country),FSM,2011,3536850
Micronesia (country),FSM,2012,3814250
Micronesia (country),FSM,2013,4403725
Moldova,MDA,1981,0
Moldova,MDA,1984,0
Moldova,MDA,1987,0
Moldova,MDA,1990,8980825
Moldova,MDA,1993,17191865
Moldova,MDA,1996,214555723.5
Moldova,MDA,1999,320965670
Moldova,MDA,2002,99916706
Moldova,MDA,2005,82887120
Moldova,MDA,2008,6189487.5
Moldova,MDA,2010,2715746
Moldova,MDA,2011,987544
Moldova,MDA,2012,987544
Moldova,MDA,2013,246886
Mongolia,MNG,1981,38152209
Mongolia,MNG,1984,26455638
Mongolia,MNG,1987,19146148
Mongolia,MNG,1990,21770352
Mongolia,MNG,1993,60027973
Mongolia,MNG,1996,79963324
Mongolia,MNG,1999,96721058
Mongolia,MNG,2002,40949788
Mongolia,MNG,2005,13685529
Mongolia,MNG,2008,3647810
Mongolia,MNG,2010,1879385
Mongolia,MNG,2011,1148436
Mongolia,MNG,2012,1169241
Mongolia,MNG,2013,793364
Montenegro,MNE,1981,4102746
Montenegro,MNE,1984,2496600
Montenegro,MNE,1987,1311408.5
Montenegro,MNE,1990,761463
Montenegro,MNE,1993,549945.5
Montenegro,MNE,1996,338428
Montenegro,MNE,1999,338428
Montenegro,MNE,2002,253821.00000000003
Montenegro,MNE,2005,296124.5
Montenegro,MNE,2008,171988
Montenegro,MNE,2010,0
Montenegro,MNE,2011,343976
Montenegro,MNE,2012,2235844
Montenegro,MNE,2013,988931
Morocco,MAR,1981,469100044
Morocco,MAR,1984,366134018.5
Morocco,MAR,1987,227110154
Morocco,MAR,1990,115928927.5
Morocco,MAR,1993,191582842.5
Morocco,MAR,1996,173927026
Morocco,MAR,1999,272012198.5
Morocco,MAR,2002,243783281
Morocco,MAR,2005,170711266.5
Morocco,MAR,2008,100009635
Morocco,MAR,2010,82392654.5
Morocco,MAR,2011,67678665
Morocco,MAR,2012,66327726.99999999
Morocco,MAR,2013,55674180
Mozambique,MOZ,1981,4297578584
Mozambique,MOZ,1984,5681049362
Mozambique,MOZ,1987,5436571194
Mozambique,MOZ,1990,5109851555
Mozambique,MOZ,1993,5726635891
Mozambique,MOZ,1996,5470527035
Mozambique,MOZ,1999,5422337800
Mozambique,MOZ,2002,5605210283
Mozambique,MOZ,2005,5481932336
Mozambique,MOZ,2008,5140205356
Mozambique,MOZ,2010,5000745280
Mozambique,MOZ,2011,4887880929
Mozambique,MOZ,2012,4760713834
Mozambique,MOZ,2013,4635128613
Namibia,NAM,1981,166575926
Namibia,NAM,1984,197911723.5
Namibia,NAM,1987,228941687.5
Namibia,NAM,1990,279773157
Namibia,NAM,1993,297836058
Namibia,NAM,1996,327304260
Namibia,NAM,1999,173492895
Namibia,NAM,2002,169499722
Namibia,NAM,2005,129658840.5
Namibia,NAM,2008,103797532
Namibia,NAM,2010,96593454
Namibia,NAM,2011,92274336
Namibia,NAM,2012,88299194
Namibia,NAM,2013,83767865
Nepal,NPL,1981,3312305796
Nepal,NPL,1984,3261289162
Nepal,NPL,1987,3181515857
Nepal,NPL,1990,3302331879
Nepal,NPL,1993,3252223037
Nepal,NPL,1996,3111949485
Nepal,NPL,1999,2754163126
Nepal,NPL,2002,2480974058
Nepal,NPL,2005,2039793631
Nepal,NPL,2008,1234366198
Nepal,NPL,2010,594656832
Nepal,NPL,2011,588099096
Nepal,NPL,2012,339468250
Nepal,NPL,2013,312661701
Nicaragua,NIC,1981,247611401
Nicaragua,NIC,1984,242762449
Nicaragua,NIC,1987,234097860
Nicaragua,NIC,1990,223945020
Nicaragua,NIC,1993,213518247.5
Nicaragua,NIC,1996,182203255
Nicaragua,NIC,1999,160999492.5
Nicaragua,NIC,2002,157757380
Nicaragua,NIC,2005,134690183
Nicaragua,NIC,2008,148088603
Nicaragua,NIC,2010,125391735
Nicaragua,NIC,2011,114027350.5
Nicaragua,NIC,2012,96643386
Nicaragua,NIC,2013,80875970
Niger,NER,1981,761381860.5
Niger,NER,1984,1377076015
Niger,NER,1987,1383363980
Niger,NER,1990,1575460012
Niger,NER,1993,2127465207.0000002
Niger,NER,1996,2828682475
Niger,NER,1999,2930183135
Niger,NER,2002,3141555000
Niger,NER,2005,3321136825
Niger,NER,2008,2568090141
Niger,NER,2010,1931806665
Niger,NER,2011,1635096158
Niger,NER,2012,1560974184
Niger,NER,2013,1720182366
Nigeria,NGA,1981,7058520672
Nigeria,NGA,1984,10061139880
Nigeria,NGA,1987,15892157230
Nigeria,NGA,1990,15444174260
Nigeria,NGA,1993,20194196410
Nigeria,NGA,1996,23959404170
Nigeria,NGA,1999,26667465490
Nigeria,NGA,2002,27392417800
Nigeria,NGA,2005,21077612770
Nigeria,NGA,2008,22867735300
Nigeria,NGA,2010,23780976330
Nigeria,NGA,2011,23680282210
Nigeria,NGA,2012,23789918320
Nigeria,NGA,2013,23490731320
Pakistan,PAK,1981,11913567840
Pakistan,PAK,1984,12962990770
Pakistan,PAK,1987,14063687620
Pakistan,PAK,1990,14216545420
Pakistan,PAK,1993,8796287424
Pakistan,PAK,1996,2737230630
Pakistan,PAK,1999,4161765623.9999995
Pakistan,PAK,2002,5772956837
Pakistan,PAK,2005,2956673448
Pakistan,PAK,2008,2126465180.0000002
Pakistan,PAK,2010,1698087456
Pakistan,PAK,2011,1385061668
Pakistan,PAK,2012,1156387671
Pakistan,PAK,2013,1281683703
Palestine,PSE,1981,0
Palestine,PSE,1984,0
Palestine,PSE,1987,0
Palestine,PSE,1990,10023849
Palestine,PSE,1993,8306743.000000001
Palestine,PSE,1996,7903126
Palestine,PSE,1999,1778827.5
Palestine,PSE,2002,3203970
Palestine,PSE,2005,690726
Palestine,PSE,2008,5242860
Palestine,PSE,2010,792670.5
Palestine,PSE,2011,545091
Palestine,PSE,2012,280867.5
Palestine,PSE,2013,578379
Panama,PAN,1981,60957956.5
Panama,PAN,1984,128217053.99999999
Panama,PAN,1987,200793216
Panama,PAN,1990,275784145
Panama,PAN,1993,213944056.5
Panama,PAN,1996,196001824.5
Panama,PAN,1999,174456166.5
Panama,PAN,2002,106701910
Panama,PAN,2005,93017768
Panama,PAN,2008,37136925
Panama,PAN,2010,33138204
Panama,PAN,2011,32921832.000000004
Panama,PAN,2012,37349136
Panama,PAN,2013,21137880
Papua New Guinea,PNG,1981,784286085
Papua New Guinea,PNG,1984,883851880
Papua New Guinea,PNG,1987,928878754.5
Papua New Guinea,PNG,1990,1068589183.9999999
Papua New Guinea,PNG,1993,890121120
Papua New Guinea,PNG,1996,943523394
Papua New Guinea,PNG,1999,1044757750
Papua New Guinea,PNG,2002,1120234823
Papua New Guinea,PNG,2005,1039382432.0000001
Papua New Guinea,PNG,2008,877163766
Papua New Guinea,PNG,2010,738223815
Papua New Guinea,PNG,2011,668464650
Papua New Guinea,PNG,2012,623782445
Papua New Guinea,PNG,2013,604282612
Paraguay,PRY,1981,11565499.5
Paraguay,PRY,1984,10645918.5
Paraguay,PRY,1987,9711774
Paraguay,PRY,1990,8758905
Paraguay,PRY,1993,105474415
Paraguay,PRY,1996,168191781
Paraguay,PRY,1999,146772340
Paraguay,PRY,2002,202904923.5
Paraguay,PRY,2005,102568650
Paraguay,PRY,2008,67969935
Paraguay,PRY,2010,90439335
Paraguay,PRY,2011,84188819.5
Paraguay,PRY,2012,50882095
Paraguay,PRY,2013,39036421.5
Peru,PER,1981,540376587
Peru,PER,1984,768259300
Peru,PER,1987,493536210
Peru,PER,1990,994639198.5
Peru,PER,1993,908256145
Peru,PER,1996,1261016016
Peru,PER,1999,1281579678
Peru,PER,2002,1058863540
Peru,PER,2005,884616117
Peru,PER,2008,472711792
Peru,PER,2010,264785235
Peru,PER,2011,235279584
Peru,PER,2012,236350348
Peru,PER,2013,199282773
Philippines,PHL,1981,1983315684
Philippines,PHL,1984,2423579305
Philippines,PHL,1987,2742369465
Philippines,PHL,1990,2706626475
Philippines,PHL,1993,3018281908
Philippines,PHL,1996,2462318908
Philippines,PHL,1999,2370238752
Philippines,PHL,2002,2356458907
Philippines,PHL,2005,2264073611
Philippines,PHL,2008,1709609265
Philippines,PHL,2010,1780841424
Philippines,PHL,2011,1854661725
Philippines,PHL,2012,1824562438
Philippines,PHL,2013,1596889162
Poland,POL,1981,34855310
Poland,POL,1984,33267195
Poland,POL,1987,23511730.5
Poland,POL,1990,60787355.5
Poland,POL,1993,8001602.999999999
Poland,POL,1996,131236552.99999999
Poland,POL,1999,2681071
Poland,POL,2002,2651250.5
Poland,POL,2005,5294179
Poland,POL,2008,0
Poland,POL,2010,0
Poland,POL,2011,0
Poland,POL,2012,0
Poland,POL,2013,0
Romania,ROU,1981,23322405
Romania,ROU,1984,28286478
Romania,ROU,1987,36606397.5
Romania,ROU,1990,45049760
Romania,ROU,1993,243074524
Romania,ROU,1996,379624674
Romania,ROU,1999,205694874
Romania,ROU,2002,182344035.5
Romania,ROU,2005,39920634
Romania,ROU,2008,0
Romania,ROU,2010,0
Romania,ROU,2011,0
Romania,ROU,2012,0
Romania,ROU,2013,0
Russia,RUS,1981,116458068
Russia,RUS,1984,168295112.5
Russia,RUS,1987,263090321.00000003
Russia,RUS,1990,452492106
Russia,RUS,1993,247196688
Russia,RUS,1996,626768656
Russia,RUS,1999,837139107
Russia,RUS,2002,141081479
Russia,RUS,2005,149296680
Russia,RUS,2008,19798038
Russia,RUS,2010,29719942.5
Russia,RUS,2011,9914276
Russia,RUS,2012,9930920
Russia,RUS,2013,9952418.5
Rwanda,RWA,1981,604664037
Rwanda,RWA,1984,786195984
Rwanda,RWA,1987,1068987253
Rwanda,RWA,1990,1374503130
Rwanda,RWA,1993,1196245890
Rwanda,RWA,1996,1655335955
Rwanda,RWA,1999,2027037392
Rwanda,RWA,2002,2017792343
Rwanda,RWA,2005,2024492940
Rwanda,RWA,2008,1845247463
Rwanda,RWA,2010,1781174304
Rwanda,RWA,2011,1732706976
Rwanda,RWA,2012,1729595935
Rwanda,RWA,2013,1826482046
Saint Lucia,LCA,1981,26255910
Saint Lucia,LCA,1984,23343210
Saint Lucia,LCA,1987,23836982
Saint Lucia,LCA,1990,15272257
Saint Lucia,LCA,1993,13359584
Saint Lucia,LCA,1996,12857490
Saint Lucia,LCA,1999,12582864
Saint Lucia,LCA,2002,13082184
Saint Lucia,LCA,2005,11883816
Saint Lucia,LCA,2008,10398339
Saint Lucia,LCA,2010,12096027
Saint Lucia,LCA,2011,12170925
Saint Lucia,LCA,2012,12632796
Saint Lucia,LCA,2013,12782592
Samoa,WSM,1981,1952896
Samoa,WSM,1984,1930704
Samoa,WSM,1987,1331520
Samoa,WSM,1990,1553440
Samoa,WSM,1993,1733056.5
Samoa,WSM,1996,1190739.5
Samoa,WSM,1999,990318
Samoa,WSM,2002,436905
Samoa,WSM,2005,212211
Samoa,WSM,2008,137313
Samoa,WSM,2010,210824
Samoa,WSM,2011,158118
Samoa,WSM,2012,158118
Samoa,WSM,2013,184471
Sao Tome and Principe,STP,1981,9285965
Sao Tome and Principe,STP,1984,8613270
Sao Tome and Principe,STP,1987,8765146.5
Sao Tome and Principe,STP,1990,8078581.5
Sao Tome and Principe,STP,1993,8105627.999999999
Sao Tome and Principe,STP,1996,8059856.999999999
Sao Tome and Principe,STP,1999,7374679
Sao Tome and Principe,STP,2002,8854608
Sao Tome and Principe,STP,2005,9715935
Sao Tome and Principe,STP,2008,9242968
Sao Tome and Principe,STP,2010,10150759.5
Sao Tome and Principe,STP,2011,9443389.5
Sao Tome and Principe,STP,2012,9349767
Sao Tome and Principe,STP,2013,8825481
Senegal,SEN,1981,1351495574
Senegal,SEN,1984,1517898125
Senegal,SEN,1987,1618011785
Senegal,SEN,1990,1883800515
Senegal,SEN,1993,1594676897
Senegal,SEN,1996,1300736922
Senegal,SEN,1999,1170842985
Senegal,SEN,2002,1207635934
Senegal,SEN,2005,1010575829
Senegal,SEN,2008,1044073266.0000001
Senegal,SEN,2010,1112684688
Senegal,SEN,2011,1189646544
Senegal,SEN,2012,1203154537
Senegal,SEN,2013,1230723936
Serbia,SRB,1981,43166214
Serbia,SRB,1984,28049301
Serbia,SRB,1987,18874296
Serbia,SRB,1990,12632796
Serbia,SRB,1993,8009925.000000001
Serbia,SRB,1996,4756023
Serbia,SRB,1999,4183192
Serbia,SRB,2002,1560375
Serbia,SRB,2005,13931028
Serbia,SRB,2008,1529167.5
Serbia,SRB,2010,505561.5
Serbia,SRB,2011,1002801
Serbia,SRB,2012,1497960
Serbia,SRB,2013,1986184
Seychelles,SYC,1981,402923.5
Seychelles,SYC,1984,417487
Seychelles,SYC,1987,296124.5
Seychelles,SYC,1990,165053
Seychelles,SYC,1993,101944.5
Seychelles,SYC,1996,127604
Seychelles,SYC,1999,61028
Seychelles,SYC,2002,61028
Seychelles,SYC,2005,55480
Seychelles,SYC,2008,31207.5
Seychelles,SYC,2010,362007
Seychelles,SYC,2011,312075
Seychelles,SYC,2012,287109
Seychelles,SYC,2013,268384.5
Sierra Leone,SLE,1981,959859480
Sierra Leone,SLE,1984,1027388349.0000001
Sierra Leone,SLE,1987,1145628712
Sierra Leone,SLE,1990,1256979846
Sierra Leone,SLE,1993,1160287222
Sierra Leone,SLE,1996,1026318972
Sierra Leone,SLE,1999,975747565
Sierra Leone,SLE,2002,793598403
Sierra Leone,SLE,2005,725360083.5
Sierra Leone,SLE,2008,713561568
Sierra Leone,SLE,2010,695462605
Sierra Leone,SLE,2011,684463695
Sierra Leone,SLE,2012,530713358
Sierra Leone,SLE,2013,345437898
Slovakia,SVK,1981,0
Slovakia,SVK,1984,0
Slovakia,SVK,1987,0
Slovakia,SVK,1990,0
Slovakia,SVK,1993,1478542
Slovakia,SVK,1996,2606866.5
Slovakia,SVK,1999,20971440
Slovakia,SVK,2002,40295124
Slovakia,SVK,2005,372409.5
Slovakia,SVK,2008,0
Slovakia,SVK,2010,7475930
Slovakia,SVK,2011,7864290
Slovakia,SVK,2012,4502202
Slovakia,SVK,2013,4502202
Slovenia,SVN,1981,397375.5
Slovenia,SVN,1984,401536.5
Slovenia,SVN,1987,276013
Slovenia,SVN,1990,416100
Slovenia,SVN,1993,552026
Slovenia,SVN,1996,1104052
Slovenia,SVN,1999,274626
Slovenia,SVN,2002,0
Slovenia,SVN,2005,693500
Slovenia,SVN,2008,420261
Slovenia,SVN,2010,710837.5
Slovenia,SVN,2011,0
Slovenia,SVN,2012,0
Slovenia,SVN,2013,142861
Solomon Islands,SLB,1981,0
Solomon Islands,SLB,1984,0
Solomon Islands,SLB,1987,0
Solomon Islands,SLB,1990,30828849
Solomon Islands,SLB,1993,26455638
Solomon Islands,SLB,1996,23760697
Solomon Islands,SLB,1999,30319820
Solomon Islands,SLB,2002,59521718
Solomon Islands,SLB,2005,56649241
Solomon Islands,SLB,2008,47643450
Solomon Islands,SLB,2010,52927920
Solomon Islands,SLB,2011,44901351
Solomon Islands,SLB,2012,43635020
Solomon Islands,SLB,2013,43651664
South Africa,ZAF,1981,1142177163
South Africa,ZAF,1984,1409168421
South Africa,ZAF,1987,1794984663
South Africa,ZAF,1990,1940690400
South Africa,ZAF,1993,2473814364
South Africa,ZAF,1996,3570138000
South Africa,ZAF,1999,3732533508
South Africa,ZAF,2002,3580623720
South Africa,ZAF,2005,3015920540
South Africa,ZAF,2008,1788113465
South Africa,ZAF,2010,1778054248
South Africa,ZAF,2011,1751746325
South Africa,ZAF,2012,1750222012
South Africa,ZAF,2013,1752145088
South Sudan,SSD,1981,847932047.5
South Sudan,SSD,1984,900367582.5
South Sudan,SSD,1987,929882249
South Sudan,SSD,1990,916751520
South Sudan,SSD,1993,844444436
South Sudan,SSD,1996,831991950
South Sudan,SSD,1999,922743360
South Sudan,SSD,2002,1007815005
South Sudan,SSD,2005,1089765900
South Sudan,SSD,2008,1196310386
South Sudan,SSD,2010,1303928409
South Sudan,SSD,2011,1524792902
South Sudan,SSD,2012,3087732465
South Sudan,SSD,2013,3007095753
Sri Lanka,LKA,1981,424297170
Sri Lanka,LKA,1984,316578589
Sri Lanka,LKA,1987,248166201
Sri Lanka,LKA,1990,188335182
Sri Lanka,LKA,1993,193043353.5
Sri Lanka,LKA,1996,207109614
Sri Lanka,LKA,1999,197898547
Sri Lanka,LKA,2002,185201949
Sri Lanka,LKA,2005,110151379
Sri Lanka,LKA,2008,61853265
Sri Lanka,LKA,2010,55812880
Sri Lanka,LKA,2011,50606082
Sri Lanka,LKA,2012,41067683
Sri Lanka,LKA,2013,38535021
Sudan,SDN,1981,1401828417
Sudan,SDN,1984,1791560160
Sudan,SDN,1987,1826879422
Sudan,SDN,1990,2235574229
Sudan,SDN,1993,2157984062
Sudan,SDN,1996,2250322893
Sudan,SDN,1999,2014936510
Sudan,SDN,2002,1732824178
Sudan,SDN,2005,1477525329
Sudan,SDN,2008,960978789
Sudan,SDN,2010,976649115
Sudan,SDN,2011,824449444
Sudan,SDN,2012,656412313.5
Sudan,SDN,2013,649140966
Suriname,SUR,1981,37199340
Suriname,SUR,1984,39515630
Suriname,SUR,1987,44431158
Suriname,SUR,1990,45749501.5
Suriname,SUR,1993,49770414.5
Suriname,SUR,1996,51991695
Suriname,SUR,1999,55124928
Suriname,SUR,2002,55050030
Suriname,SUR,2005,51753824.5
Suriname,SUR,2008,52274643
Suriname,SUR,2010,52398086
Suriname,SUR,2011,51821094
Suriname,SUR,2012,52523609.5
Suriname,SUR,2013,52303076.5
Swaziland,SWZ,1981,276900680
Swaziland,SWZ,1984,304593522
Swaziland,SWZ,1987,320236801.5
Swaziland,SWZ,1990,310908533
Swaziland,SWZ,1993,334473663
Swaziland,SWZ,1996,241880317
Swaziland,SWZ,1999,156047902.5
Swaziland,SWZ,2002,130397417.99999999
Swaziland,SWZ,2005,128387655
Swaziland,SWZ,2008,128959792.49999999
Swaziland,SWZ,2010,137324096
Swaziland,SWZ,2011,140219458.5
Swaziland,SWZ,2012,139551618
Swaziland,SWZ,2013,138786687.5
Tajikistan,TJK,1981,17327791
Tajikistan,TJK,1984,18918680
Tajikistan,TJK,1987,22871630
Tajikistan,TJK,1990,26831515
Tajikistan,TJK,1993,180063114
Tajikistan,TJK,1996,813188391
Tajikistan,TJK,1999,738675283.5
Tajikistan,TJK,2002,455646837.5
Tajikistan,TJK,2005,168601639.5
Tajikistan,TJK,2008,103574225
Tajikistan,TJK,2010,155599208
Tajikistan,TJK,2011,234333650
Tajikistan,TJK,2012,286521605.5
Tajikistan,TJK,2013,274465108
Tanzania,TZA,1981,4139562528.0000005
Tanzania,TZA,1984,4434406827
Tanzania,TZA,1987,4733442640
Tanzania,TZA,1990,4836118089
Tanzania,TZA,1993,6285243206
Tanzania,TZA,1996,8174997418
Tanzania,TZA,1999,9887110218
Tanzania,TZA,2002,9161706444
Tanzania,TZA,2005,6416106656
Tanzania,TZA,2008,5371484832
Tanzania,TZA,2010,5141303860
Tanzania,TZA,2011,4895122456
Tanzania,TZA,2012,4797653805
Tanzania,TZA,2013,4526682550
Thailand,THA,1981,1679541879
Thailand,THA,1984,1410702443
Thailand,THA,1987,1115566874
Thailand,THA,1990,698440494
Thailand,THA,1993,323115520
Thailand,THA,1996,141191052
Thailand,THA,1999,154714302
Thailand,THA,2002,97858398
Thailand,THA,2005,50241301
Thailand,THA,2008,9216615
Thailand,THA,2010,4624951.5
Thailand,THA,2011,4639515
Thailand,THA,2012,4657546
Thailand,THA,2013,0
Timor,TLS,1981,361725439
Timor,TLS,1984,377530304
Timor,TLS,1987,373241700
Timor,TLS,1990,349687666
Timor,TLS,1993,312597899
Timor,TLS,1996,231943849
Timor,TLS,1999,131421023.99999999
Timor,TLS,2002,81595823
Timor,TLS,2005,88895604
Timor,TLS,2008,88216667.5
Timor,TLS,2010,57879510
Timor,TLS,2011,55846168
Timor,TLS,2012,35250605
Timor,TLS,2013,34697192
Togo,TGO,1981,251776562
Togo,TGO,1984,376287552
Togo,TGO,1987,435566545
Togo,TGO,1990,463117913
Togo,TGO,1993,780087636
Togo,TGO,1996,596106247
Togo,TGO,1999,582401300
Togo,TGO,2002,765317473
Togo,TGO,2005,831218004
Togo,TGO,2008,949061685
Togo,TGO,2010,1040064836
Togo,TGO,2011,1057516069.9999999
Togo,TGO,2012,1044827100
Togo,TGO,2013,1033280325
Tonga,TON,1981,1279507.5
Tonga,TON,1984,1061055
Tonga,TON,1987,823878
Tonga,TON,1990,1012510
Tonga,TON,1993,811395
Tonga,TON,1996,672695
Tonga,TON,1999,596410
Tonga,TON,2002,429970
Tonga,TON,2005,284335
Tonga,TON,2008,208050
Tonga,TON,2010,138700
Tonga,TON,2011,131765
Tonga,TON,2012,131765
Tonga,TON,2013,160198.5
Trinidad and Tobago,TTO,1981,0
Trinidad and Tobago,TTO,1984,0
Trinidad and Tobago,TTO,1987,0
Trinidad and Tobago,TTO,1990,5584062
Trinidad and Tobago,TTO,1993,7051508
Trinidad and Tobago,TTO,1996,9000243
Trinidad and Tobago,TTO,1999,4281669
Trinidad and Tobago,TTO,2002,3461952
Trinidad and Tobago,TTO,2005,1622790
Trinidad and Tobago,TTO,2008,1739298
Trinidad and Tobago,TTO,2010,1936945.5
Trinidad and Tobago,TTO,2011,1475768
Trinidad and Tobago,TTO,2012,1208077
Trinidad and Tobago,TTO,2013,1217092.5
Tunisia,TUN,1981,178334912
Tunisia,TUN,1984,164531488
Tunisia,TUN,1987,175760640
Tunisia,TUN,1990,137909410
Tunisia,TUN,1993,147393716
Tunisia,TUN,1996,139316521.5
Tunisia,TUN,1999,82006375
Tunisia,TUN,2002,58149975
Tunisia,TUN,2005,46603893.5
Tunisia,TUN,2008,36535660.5
Tunisia,TUN,2010,31460627.5
Tunisia,TUN,2011,23678864
Tunisia,TUN,2012,17942232
Tunisia,TUN,2013,12838765.5
Turkey,TUR,1981,252443709
Turkey,TUR,1984,203649049
Turkey,TUR,1987,134848301
Turkey,TUR,1990,161000879.5
Turkey,TUR,1993,161246378.5
Turkey,TUR,1996,164914300
Turkey,TUR,1999,112333130
Turkey,TUR,2002,99368841
Turkey,TUR,2005,225892368
Turkey,TUR,2008,87805422
Turkey,TUR,2010,50146985
Turkey,TUR,2011,5098612
Turkey,TUR,2012,5190847.5
Turkey,TUR,2013,31715142
Turkmenistan,TKM,1981,315969002.5
Turkmenistan,TKM,1984,265201334.99999997
Turkmenistan,TKM,1987,271771554
Turkmenistan,TKM,1990,97479053.5
Turkmenistan,TKM,1993,188437126.5
Turkmenistan,TKM,1996,366306006.5
Turkmenistan,TKM,1999,337307997.5
Turkmenistan,TKM,2002,301464450
Turkmenistan,TKM,2005,207859287.5
Turkmenistan,TKM,2008,80182470
Turkmenistan,TKM,2010,49981932
Turkmenistan,TKM,2011,28350280
Turkmenistan,TKM,2012,17568435.5
Turkmenistan,TKM,2013,11265214
Tuvalu,TUV,1981,334960.5
Tuvalu,TUV,1984,255208
Tuvalu,TUV,1987,187245
Tuvalu,TUV,1990,133152
Tuvalu,TUV,1993,93622.5
Tuvalu,TUV,1996,104025
Tuvalu,TUV,1999,45771
Tuvalu,TUV,2002,36062
Tuvalu,TUV,2005,52706
Tuvalu,TUV,2008,30514
Tuvalu,TUV,2010,40223
Tuvalu,TUV,2011,30514
Tuvalu,TUV,2012,30514
Tuvalu,TUV,2013,29127
Uganda,UGA,1981,4643089299
Uganda,UGA,1984,5027819520
Uganda,UGA,1987,5912813595
Uganda,UGA,1990,4882682453
Uganda,UGA,1993,3660526016
Uganda,UGA,1996,3315129728
Uganda,UGA,1999,4027963121
Uganda,UGA,2002,4349304668
Uganda,UGA,2005,3959152664
Uganda,UGA,2008,3109685901
Uganda,UGA,2010,2908174913
Uganda,UGA,2011,2672922375
Uganda,UGA,2012,2550734610
Uganda,UGA,2013,2612213385
Ukraine,UKR,1981,107965467
Ukraine,UKR,1984,91507325
Ukraine,UKR,1987,78253153
Ukraine,UKR,1990,100760002
Ukraine,UKR,1993,101323124
Ukraine,UKR,1996,520528617.00000006
Ukraine,UKR,1999,568361392.5
Ukraine,UKR,2002,103622770
Ukraine,UKR,2005,13068314
Ukraine,UKR,2008,0
Ukraine,UKR,2010,0
Ukraine,UKR,2011,0
Ukraine,UKR,2012,0
Ukraine,UKR,2013,0
Uruguay,URY,1981,0
Uruguay,URY,1984,3732417
Uruguay,URY,1987,2326692.5
Uruguay,URY,1990,4313570
Uruguay,URY,1993,3749061
Uruguay,URY,1996,3606200
Uruguay,URY,1999,3443227.5
Uruguay,URY,2002,8313677.999999999
Uruguay,URY,2005,5773387.5
Uruguay,URY,2008,1393935
Uruguay,URY,2010,1869676
Uruguay,URY,2011,2350965
Uruguay,URY,2012,2593690
Uruguay,URY,2013,2601318.5
Uzbekistan,UZB,1981,0
Uzbekistan,UZB,1984,0
Uzbekistan,UZB,1987,0
Uzbekistan,UZB,1990,0
Uzbekistan,UZB,1993,2883316405
Uzbekistan,UZB,1996,3476539079
Uzbekistan,UZB,1999,3987149953
Uzbekistan,UZB,2002,3922037931
Uzbekistan,UZB,2005,3725968144
Uzbekistan,UZB,2008,2512349385
Uzbekistan,UZB,2010,1994500452
Uzbekistan,UZB,2011,1792596249
Uzbekistan,UZB,2012,1542218477
Uzbekistan,UZB,2013,1333783584
Vanuatu,VUT,1981,2954310
Vanuatu,VUT,1984,3200502.5
Vanuatu,VUT,1987,3446695
Vanuatu,VUT,1990,3692887.5
Vanuatu,VUT,1993,3939080
Vanuatu,VUT,1996,4197062
Vanuatu,VUT,1999,4443948
Vanuatu,VUT,2002,4690834
Vanuatu,VUT,2005,5184606
Vanuatu,VUT,2008,6013338.5
Vanuatu,VUT,2010,6208212
Vanuatu,VUT,2011,6075060
Vanuatu,VUT,2012,6206825
Vanuatu,VUT,2013,5981437.5
Venezuela,VEN,1981,6557736
Venezuela,VEN,1984,16563554
Venezuela,VEN,1987,2557628
Venezuela,VEN,1990,644572188
Venezuela,VEN,1993,461481253
Venezuela,VEN,1996,865498402.5
Venezuela,VEN,1999,886198684
Venezuela,VEN,2002,1662846560
Venezuela,VEN,2005,2311341878
Venezuela,VEN,2008,1248078080
Venezuela,VEN,2010,1319314400
Venezuela,VEN,2011,1328671796
Venezuela,VEN,2012,1324862400
Venezuela,VEN,2013,1333447930
Vietnam,VNM,1981,15304557460
Vietnam,VNM,1984,13438692240
Vietnam,VNM,1987,11481013860
Vietnam,VNM,1990,9294328610
Vietnam,VNM,1993,7041460572
Vietnam,VNM,1996,5276591840
Vietnam,VNM,1999,4717242480
Vietnam,VNM,2002,5720194663
Vietnam,VNM,2005,3571091563
Vietnam,VNM,2008,2396647232
Vietnam,VNM,2010,596830954.5
Vietnam,VNM,2011,475261098
Vietnam,VNM,2012,357220463
Vietnam,VNM,2013,379716216
World,OWID_WRL,1981,557044192400
World,OWID_WRL,1984,473222873800
World,OWID_WRL,1987,420562206500
World,OWID_WRL,1990,442063537300
World,OWID_WRL,1993,441609052100
World,OWID_WRL,1996,374860745100
World,OWID_WRL,1999,383501393800
World,OWID_WRL,2002,354533097100
World,OWID_WRL,2005,280147673400
World,OWID_WRL,2008,248009036600
World,OWID_WRL,2010,220295370100
World,OWID_WRL,2011,193871434100
World,OWID_WRL,2012,180514066500
World,OWID_WRL,2013,160850279000
Zambia,ZMB,1981,1272743101
Zambia,ZMB,1984,1535560877
Zambia,ZMB,1987,1732858853
Zambia,ZMB,1990,1931749798
Zambia,ZMB,1993,1687945019
Zambia,ZMB,1996,1044896450
Zambia,ZMB,1999,1227652425
Zambia,ZMB,2002,1387515964
Zambia,ZMB,2005,2324567616
Zambia,ZMB,2008,2844819527
Zambia,ZMB,2010,3049546968
Zambia,ZMB,2011,3039127824
Zambia,ZMB,2012,3019621056
Zambia,ZMB,2013,2995087800
Zimbabwe,ZWE,1981,22049139
Zimbabwe,ZWE,1984,51465328.5
Zimbabwe,ZWE,1987,62190306
Zimbabwe,ZWE,1990,34159036
Zimbabwe,ZWE,1993,75745457
Zimbabwe,ZWE,1996,28835730
Zimbabwe,ZWE,1999,28309363.5
Zimbabwe,ZWE,2002,82724841
Zimbabwe,ZWE,2005,376268134
Zimbabwe,ZWE,2008,886605075
Zimbabwe,ZWE,2010,657828440.5
Zimbabwe,ZWE,2011,511277327
Zimbabwe,ZWE,2012,427411678.5
Zimbabwe,ZWE,2013,406092795